Entry	Entry Name	Organism	Length	sequence
Q9S736	OBE1_ARATH	Arabidopsis thaliana (Mouse-ear cress)	566	MGTSSGSNLPHQMLPPRQQLQTSLSLVSSDPHLSRSNSGIVRESPAESASSQETWPTSKSIMGRKTDSGKTGPDSHDQHVIRHVSIADKVSLRDIARERLDIVAERMHRLPEEYLEELKNGLKAILEGNGAQPIDEFMFLQKFVQTRSDLTSKTLVRAHRVQLEVLVVINTGIQAFLHPNINLSQSSLIEIFVYKRCRNIACQNELPADGCPCEICANRKGFCNLCMCVICNKFDFAVNTCRWIGCDVCSHWTHTDCAIRDGEISMGVSPKSVSGMGEMLFKCRACNHTSELLGWVKDVFQHCAPNWDRESLMKELDFVSRIFRGSEDTRGRKLFWKCEELMEKIKGGLAEATAAKLILMFFQEIELDSPKSLESGEGGGTIAPQDACNRIAEVVKETLRKMEIVGEEKTRMYKKARMGLEECEREVEEKAKQVAELQMERQKKKQQIEEVERIVRLKQAEAEMFQLKANEAKVEAERLERIVKAKKEKTEEEYASNYLKLRLSEAEAEKEYLFEKIKEQESGGNGGEASQAVMYSKIREMLHGYNASSPRVDPRSNQRNPFRSNP
Q9Y0Y0	CECB1_AEDAL	Aedes albopictus (Asian tiger mosquito) (Stegomyia albopicta)	60	MNFNKLFALVLLIGLVLLTGQTEAGGLKKLGKKLEGVGKRVFKASEKALPVLTGYKAIGK
B8NNN3	AP1_ASPFN	Aspergillus flavus (strain ATCC 200026 / FGSC A1120 / IAM 13836 / NRRL 3357 / JCM 12722 / SRRC 167)	584	MADYNTLYHQGLYLSPDQQDLLLAALSSNQPPQKQQNDKQRSQAKTDPDSTPGNMSSGSFSMSPGFNKTHPGSGGLGYGDDESPFLDFNPELDFDFPGSENLIGDLPGSLPSEEHEVGEKRKDMSDNENEESGKKRRESDDKAAKKPGRKPLTSEPTSKRKAQNRAAQRAFRERKEKHLKDLETKVDELQKASDDANQENGLLRAQVERLQVELREYRKRLSWLTTGSGISAMSAIPSAHSRNLYGLNNNDFMFDFPKFGDLPGGHIFNGPLTKSNQNKPRDGSSPATSDSQVPGVMTRETLNGSNNRGMPTAKAANGVSNNPSPKVPSVYNIRQSASSHDSSNSCSPSSSSDSHQSQMLSSNGTSPEPSSNSPATKLNDSVQNHHACTYSTIDGEASFCAQLGMACGNINNPIPAVRGKSESVSNTPSQPNNNYEQTPGPGLDLLAQQNGGQFDPVLFGDWREPQDAILSQDFGTFFDDAFPLPDLGSPSHNFNEVANPQPPKKDLIAEIDNKLDEEVVPGEDKSQMLSCTKIWDRLQSMEKFRNGEIDVDNLCSELRTKARCSEGGVVVNQKDVEDIMGRVK
Q8K0E3	SC5AB_MOUSE	Mus musculus (Mouse)	673	MESATISPQPPQSDSLEAFPQKSMEPADIAVLVLYFLFVLAVGLWSTVRTKRDTVKGYFLAGGDMVWWPVGASLFASNVGSGHFIGLAGSGAAVGISVAAYELNGLFSVLMLAWVFLPIYIAGQVTTMPEYLRRRFGGNRISITLAVLYLFIYIFTKISVDMYAGAIFIQQSLHLDLYLAIVGLLAITALYTVAGGLAAVIYTDALQTVIMLIGAFILMGYSFAAVGGMEGLKDQYFLALASNRSENSSCGLPREDAFHIFRDPLTSDLPWPGILFGMSIPSLWYWCTDQVIVQRSLAAKNLSHAKGGSLMAAYLKVLPLFLMVFPGMVSRVLFPDQVACAHPDICQRVCSNPSGCSDIAYPKLVLELLPTGLRGLMMAVMVAALMSSLTSIFNSASTIFTMDLWNHIRPRASERELMIVGRIFVFALVLVSILWIPIVQASQGGQLFIYIQSISSYLQPPVAMVFIMGCFWKRTNEKGAFSGLILGLLLGLVRLILDFVYAQPRCDQPDDRPAVVKDVHYLYFSMILSFTTLITVVTVSWFTETPSKEMVSRLTWFTRHEPVAQKDSAPPETPLSLTLSQNGTTEAPGTSIQLETVQESTTKACGDGVSPRHSKVVRAILWLCGMEKNKEEPPSKAEPVIVSLEENPLVKTLLDVNCIVCISCAIFLWGYFA
O42906	GPN1_SCHPO	Schizosaccharomyces pombe (strain 972 / ATCC 24843) (Fission yeast)	367	MTDKEKKPCAIIVVGMAGSGKTTFMQQLNAHLHSKNKPPYILNLDPAVRNLPYEANIDIRDTINYKEVMKQYNLGPNGGIMTSLNLFVTKFDQVLKILEKRAPTVDHILIDTPGQIEIFQWSASGSIICDTLASSWPTCIAYVVDTPRATSTSTWMSSMLYACSMLYKAKLPLIIVYNKCDVQDSEFAKKWMTDFEEFQQAVTKDEGMSSEGATSGYMGSLVNSMSLMLEEFYRHLDFVSCSSVTGEGMDDFLEAVKAKVKEYEEEYVPEMERMKEIQRQTKERQKEAQLSKLMKDMHVSKDKEDVGLTVSDAEDEYNGELVDPDEDDGLTAEDREDMIKQYRVALGISDDISDEKLLEMLTERMKQ
P62851	RS25_HUMAN	Homo sapiens (Human)	125	MPPKDDKKKKDAGKSAKKDKDPVNKSGGKAKKKKWSKGKVRDKLNNLVLFDKATYDKLCKEVPNYKLITPAVVSERLKIRGSLARAALQELLSKGLIKLVSKHRAQVIYTRNTKGGDAPAAGEDA
F8WCM5	INSR2_HUMAN	Homo sapiens (Human)	200	MALWMRLLPLLALLALWGPDPAAAFVNQHLCGSHLVEALYLVCGERGFFYTPKTRREAEDLQASALSLSSSTSTWPEGLDATARAPPALVVTANIGQAGGSSSRQFRQRALGTSDSPVLFIHCPGAAGTAQGLEYRGRRVTTELVWEEVDSSPQPQGSESLPAQPPAQPAPQPEPQQAREPSPEVSCCGLWPRRPQRSQN
P42681	TXK_HUMAN	Homo sapiens (Human)	527	MILSSYNTIQSVFCCCCCCSVQKRQMRTQISLSTDEELPEKYTQRRRPWLSQLSNKKQSNTGRVQPSKRKPLPPLPPSEVAEEKIQVKALYDFLPREPCNLALRRAEEYLILEKYNPHWWKARDRLGNEGLIPSNYVTENKITNLEIYEWYHRNITRNQAEHLLRQESKEGAFIVRDSRHLGSYTISVFMGARRSTEAAIKHYQIKKNDSGQWYVAERHAFQSIPELIWYHQHNAAGLMTRLRYPVGLMGSCLPATAGFSYEKWEIDPSELAFIKEIGSGQFGVVHLGEWRSHIQVAIKAINEGSMSEEDFIEEAKVMMKLSHSKLVQLYGVCIQRKPLYIVTEFMENGCLLNYLRENKGKLRKEMLLSVCQDICEGMEYLERNGYIHRDLAARNCLVSSTCIVKISDFGMTRYVLDDEYVSSFGAKFPIKWSPPEVFLFNKYSSKSDVWSFGVLMWEVFTEGKMPFENKSNLQVVEAISEGFRLYRPHLAPMSIYEVMYSCWHEKPEGRPTFAELLRAVTEIAETW
Q7ZWK8	OTOP1_DANRE	Danio rerio (Zebrafish) (Brachydanio rerio)	586	MVEHGGTDSMWLNKYNPAAASSASSSSSSDAENKLFSRLKVSLTKKYPQKNAELLSAQYGTNLLLLGVSVMLALAAQSGPVKEEHLLSFITVLMLVQLVWMLCYMIRRERERSPVPERDAHAGASWIRGGLTMLALLSLIMDAFRIGYFVGYHSCISAALGVYPIVHALHTISQVHFLWFHIKDVIKKYETFERFGVIHAVFTNLLLWCNGVMSETEHFMHNHRRRLIEMGYANLSTVDVQPHCNCTTSVCSMFSTSLYYLYPFNIEYHIFVSAMLFVMWKNIGRTLDRHSNRKRRSTGSTGLLLGPLGGLVALASSVSVLVVYLIHLEKTEEMHEAAVSMFYYYGVAMMACMCVGSGTGLLVYRMENRPMDTGSNPARTLDTELLLASSLGSWLMSWCSVVASVAEAGQKSPSFSWTSLTYSLLLVLEKCIQNLFIVESLYRRHSEEEEDAAAPQVFSVAVPPYDGILNHGYEAHDKHREAEPAAGSHALSRKQPDAPLPAGQRLDVTPGRKRQILKNICMFLFMCNISLWILPAFGCRPQYDNPLENETFGTSVWTTVLNVAIPLNLFYRMHSVASLFEVFRKV
Q8CE90	MP2K7_MOUSE	Mus musculus (Mouse)	535	MAASSLEQKLSRLEAKLKQENREARRRIDLNLDISPQRPRPIIVITLSPAPAPSQRAALQLPLANDGGSRSPSSESSPQHPTPPTRPRHMLGLPSTLFTPRSMESIEIDQKLQEIMKQTGYLTIGGQRYQAEINDLENLGEMGSGTCGQVWKMRFRKTGHIIAVKQMRRSGNKEENKRILMDLDVVLKSHDCPYIVQCFGTFITNTDVFIAMELMGTCAEKLKKRMQGPIPERILGKMTVAIVKALYYLKEKHGVIHRDVKPSNILLDERGQIKLCDFGISGRLVDSKAKTRSAGCAAYMAPERIDPPDPTKPDYDIRADVWSLGISLVELATGQFPYKNCKTDFEVLTKVLQEEPPLLPGHMGFSGDFQSFVKDCLTKDHRKRPKYNKLLEHSFIKHYEILEVDVASWFKDVMAKTESPRTSGVLSQHHLPFFSTSVTWGAWPLAAQTPFQSGVIRCRGRVPSPRRATGGSGGQPCVCAGGPGPSFTEMGPSPSPMLSNTFFTPDPGACPGASTWGLPRRRLCQLLTTSTPGCC
P80360	ADHX_MYXGL	Myxine glutinosa (Atlantic hagfish)	376	SKMDGQVIHCKAAVAWEAKKPLSLEEIEVAPPKAHEVRMKVLATAVCHTDAYTLSGVDPEGSFPVVLGHEGAGIVESVGEGVTKFKPGDSVIPLYIPQCGECKFCLNPKTNLCQKIRVTQGKGMMPDGTSRLTCRGKSLYHFMGASTFSEYAVVADISLCRVAPEAPPDRVCLLGCGVSTGYGAPLNTAKVEPGSTCAIFGLGAVGLAAIMGCRVAGASRIIAIDRNPDKFEKARIFGATDCVVPDASDKPISQVLGEMTDGGLDYTFECVGNVGIMRAALESCHKGWGVSVILGVAGGGQEISTRPFQLVTGRTWKGAAFGGWKSVESVPKLVDDYMAGKIMVDEFVSHSLPFDSINEAFDLMHAGKSIRTVLQL
O15265	ATX7_HUMAN	Homo sapiens (Human)	892	MSERAADDVRGEPRRAAAAAGGAAAAAARQQQQQQQQQQPPPPQPQRQQHPPPPPRRTRPEDGGPGAASTSAAAMATVGERRPLPSPEVMLGQSWNLWVEASKLPGKDGTELDESFKEFGKNREVMGLCREDMPIFGFCPAHDDFYLVVCNDCNQVVKPQAFQSHYERRHSSSSKPPLAVPPTSVFSFFPSLSKSKGGSASGSNRSSSGGVLSASSSSSKLLKSPKEKLQLRGNTRPMHPIQQSRVPHGRIMTPSVKVEKIHPKMDGTLLKSAVGPTCPATVSSLVKPGLNCPSIPKPTLPSPGQILNGKGLPAPPTLEKKPEDNSNNRKFLNKRLSEREFDPDIHCGVIDLDTKKPCTRSLTCKTHSLTQRRAVQGRRKRFDVLLAEHKNKTREKELIRHPDSQQPPQPLRDPHPAPPRTSQEPHQNPHGVIPSESKPFVASKPKPHTPSLPRPPGCPAQQGGSAPIDPPPVHESPHPPLPATEPASRLSSEEGEGDDKEESVEKLDCHYSGHHPQPASFCTFGSRQIGRGYYVFDSRWNRLRCALNLMVEKHLNAQLWKKIPPVPSTTSPISTRIPHRTNSVPTSQCGVSYLAAATVSTSPVLLSSTCISPNSKSVPAHGTTLNAQPAASGAMDPVCSMQSRQVSSSSSSPSTPSGLSSVPSSPMSRKPQKLKSSKSLRPKESSGNSTNCQNASSSTSGGSGKKRKNSSPLLVHSSSSSSSSSSSSHSMESFRKNCVAHSGPPYPSTVTSSHSIGLNCVTNKANAVNVRHDQSGRGPPTGSPAESIKRMSVMVNSSDSTLSLGPFIHQSNELPVNSHGSFSHSHTPLDKLIGKKRKCSPSSSSINNSSSKPTKVAKVPAVNNVHMKHTGTIPGAQGLMNSSLLHQPKARP
P03730	TIPI_LAMBD	Escherichia phage lambda (Bacteriophage lambda)	223	MAATHTLPLASPGMARICLYGDLQRFGRRIDLRVKTGAEAIRALATQLPAFRQKLSDGWYQVRIAGRDVSTSGLTAQLHETLPDGAVIHIVPRVAGAKSGGVFQIVLGAAAIAGSFFTAGATLAAWGAAIGAGGMTGILFSLGASMVLGGVAQMLAPKARTPRIQTTDNGKQNTYFSSLDNMVAQGNVLPVLYGEMRVGSRVVSQEISTADEGDGGQVVVIGR
P24871	CG24_YEAST	Saccharomyces cerevisiae (strain ATCC 204508 / S288c) (Baker's yeast)	460	MMLEGYTVQPPQSTLIGDIEIQDENANQEVKNVLYQGVQKGIKRLEKRQRRVALGDVTSQKANKIHNAIHNKFHQTKNNFEIENIRSSALVKEQQRDVRHEDSDYFLIDSSEGSSTDDEQVNEDAIDDLLSRRVNDQQIQADEVYEDFDGEMQDVIEEDVDSQIEPLSPINNDEIQTELDRAFEKYFRSVPNPLDDDTHDVVMVVEYASDIFYYLRELEVKYRPNPYYMQNQVELTWPFRRTMIDWLVQLHFRFQLLPETLYLTINIVDRFLSKKTVTLNRFQLVGVSALFIAAKFEEINCPTLDDLVYMLENTYTRDDIIRAEQYMIDTLEFEIGWPGPMPFLRRISKADDYDFEPRTLAKYLLETTIVEPKLVAAAPSWLAAGAYFLSRTILGSNDWSLKHVFYSGYTSSQIIPLASLILENCKNASRRHHSIWKKYFDQKHYRCSQIVEEWIVSTEA
O23234	CLAMT_ARATH	Arabidopsis thaliana (Mouse-ear cress)	371	MDKKDMEREFYMTGGDGKTSYARNSSLQKKASDTAKHITLETLQQLYKETRPKSLGIADLGCSSGPNTLSTITDFIKTVQVAHHREIPIQPLPEFSIFLNDLPGNDFNFIFKSLPDFHIELKRDNNNGDCPSVFIAAYPGSFYGRLFPENTIHFVYASHSLHWLSKVPTALYDEQGKSINKGCVSICSLSSEAVSKAYCSQFKEDFSIFLRCRSKEMVSAGRMVLIILGREGPDHVDRGNSFFWELLSRSIADLVAQGETEEEKLDSYDMHFYAPSADEIEGEVDKEGSFELERLEMLEVKKDKGNTEGDISYGKAVAKTVRAVQESMLVQHFGEKILDKLFDTYCRMVDDELAKEDIRPITFVVVLRKKL
O05511	MANA2_BACSU	Bacillus subtilis (strain 168)	315	MTHPLFLEPVFKERLWGGTKLRDAFGYAIPSQKTGECWAVSAHAHGSSSVKNGPLAGKTLDQVWKDHPEIFGFPDGKVFPLLVKLLDANMDLSVQVHPDDDYAKLHENGDLGKTECWYIIDCKDDAELILGHHASTKEEFKQRIESGDWNGLLRRIKIKPGDFFYVPSGTLHALCKGTLVLEIQQNSDTTYRVYDYDRCNDQGQKRTLHIEKAMEVITIPHIDKVHTPEVKEVGNAEIIVYVQSDYFSVYKWKISGRAAFPSYQTYLLGSVLSGSGRIINNGIQYECNAGSHFILPAHFGEFTIEGTCEFMISHP
Q14457	BECN1_HUMAN	Homo sapiens (Human)	450	MEGSKTSNNSTMQVSFVCQRCSQPLKLDTSFKILDRVTIQELTAPLLTTAQAKPGETQEEETNSGEEPFIETPRQDGVSRRFIPPARMMSTESANSFTLIGEASDGGTMENLSRRLKVTGDLFDIMSGQTDVDHPLCEECTDTLLDQLDTQLNVTENECQNYKRCLEILEQMNEDDSEQLQMELKELALEEERLIQELEDVEKNRKIVAENLEKVQAEAERLDQEEAQYQREYSEFKRQQLELDDELKSVENQMRYAQTQLDKLKKTNVFNATFHIWHSGQFGTINNFRLGRLPSVPVEWNEINAAWGQTVLLLHALANKMGLKFQRYRLVPYGNHSYLESLTDKSKELPLYCSGGLRFFWDNKFDHAMVAFLDCVQQFKEEVEKGETRFCLPYRMDVEKGKIEDTGGSGGSYSIKTQFNSEEQWTKALKFMLTNLKWGLAWVSSQFYNK
Q504Q3	PAN2_HUMAN	Homo sapiens (Human)	1202	MNFEGLDPGLAEYAPAMHSALDPVLDAHLNPSLLQNVELDPEGVALEALPVQESVHIMEGVYSELHSVVAEVGVPVSVSHFDLHEEMLWVGSHGGHATSFFGPALERYSSFQVNGSDDIRQIQSLENGILFLTKNNLKYMARGGLIIFDYLLDENEDMHSLLLTDSSTLLVGGLQNHIIEIDLNTVQETQKYAVETPGVTIMRQTNRFFFCGHTSGKVSLRDLRTFKVEHEFDAFSGSLSDFDVHGNLLAACGFSSRLTGLACDRFLKVYDLRMMRAITPLQVHVDPAFLRFIPTYTSRLAIISQSGQCQFCEPTGLANPADIFHVNPVGPLLMTFDVSASKQALAFGDSEGCVHLWTDSPEPSFNPYSRETEFALPCLVDSLPPLDWSQDLLPLSLIPVPLTTDTLLSDWPAANSAPAPRRAPPVDAEILRTMKKVGFIGYAPNPRTRLRNQIPYRLKESDSEFDSFSQVTESPVGREEEPHLHMVSKKYRKVTIKYSKLGLEDFDFKHYNKTLFAGLEPHIPNAYCNCMIQVLYFLEPVRCLIQNHLCQKEFCLACELGFLFHMLDLSRGDPCQGNNFLRAFRTIPEASALGLILADSDEASGKGNLARLIQRWNRFILTQLHQDMQELEIPQAYRGAGGSSFCSSGDSVIGQLFSCEMENCSLCRCGSETVRASSTLLFTLSYPDGSKSDKTGKNYDFAQVLKRSICLDQNTQAWCDTCEKYQPTIQTRNIRHLPDILVINCEVNSSKEADFWRMQAEVAFKMAVKKHGGEISKNKEFALADWKELGSPEGVLVCPSIEELKNVWLPFSIRMKMTKNKGLDVCNWTDGDEMQWGPARAEEEHGVYVYDLMATVVHILDSRTGGSLVAHIKVGETYHQRKEGVTHQQWYLFNDFLIEPIDKHEAVQFDMNWKVPAILYYVKRNLNSRYNLNIKNPIEASVLLAEASLARKQRKTHTTFIPLMLNEMPQIGDLVGLDAEFVTLNEEEAELRSDGTKSTIKPSQMSVARITCVRGQGPNEGIPFIDDYISTQEQVVDYLTQYSGIKPGDLDAKISSKHLTTLKSTYLKLRFLIDIGVKFVGHGLQKDFRVINLMVPKDQVLDTVYLFHMPRKRMISLRFLAWYFLDLKIQGETHDSIEDARTALQLYRKYLELSKNGTEPESFHKVLKGLYEKGRKMDWKVPEPEGQTSPKNAAVFSSVLAL
Q05873	SYV_BACSU	Bacillus subtilis (strain 168)	880	METNEQTMPTKYDPAAVEKDRYDFWLKGKFFEAGSDQTKEPYSVVIPPPNVTGRLHLGHAWDTTLQDIVTRMKRMQGYDVLWLPGMDHAGIATQAKVEAKLREEGKSRYDLGREKFLEETWKWKEEYADFIRSQWAKLGLGLDYSRERFTLDEGLSKAVREVFVKLYEKGLIYRGEYIINWDPATKTALSDIEVIYKDVQGAFYHMSYPLADGSGSIEIATTRPETMLGDTAVAVHPEDERYKHLIGKTVILPIVNREIPIVGDDYVDMEFGSGAVKITPAHDPNDFELGNRHNLERILVMNEDGTMNENALQYQGMDRFECRKKLVKDLQEAGVLFKIEDHMHSVGHSERSGAVVEPYLSTQWFVRMQPLADAAIELQKKEEKVNFVPDRFEKTYLHWMENIRDWCISRQLWWGHRIPAWYHKETGELYVGLEAPEDSENWEQDTDVLDTWFSSALWPFSTMGWPDVTAEDFKRYYPTDVLVTGYDIIFFWVSRMIFQGIEFTGERPFKDVLIHGLIRDEQGRKMSKSLGNGVDPMDVIDKYGADSLRYFLATGSSPGQDLRFSYEKVESTWNFANKIWNASRFALMNMDGMTYDELDLSGEKSVADKWILTRLNETIEHVTQLADRYEFGEVGRHLYNFIWDDFCDWYIEMAKLPLYGEDEAAKKTTRSILAYVLDQTMRLLHPFMPFLTEEIWQHLPHQGESITVSQWPAVVPEHTDTEAAADMKLLVELIRSVRNIRSEVNTPMSKQVELYIKTSTDEIASRLEANRSYVERFTNPSVLKIGTDIEAVDKAMTAVVSGAEVILPLEGLINIDEEIARLQKEFDKLTKEVERVQKKLGNEGFMKKAPAHVIDEEREKEKDYVAKRDAVQKRMAELKG
O05432	ATPG_MOOTA	Moorella thermoacetica (strain ATCC 39073 / JCM 9320)	282	MAHMRDLKRRIRSVQSTQHITRAMKMVAAAKLRKAQAQVTAARPYAAKLEEVVGRLMAAVDPETQPLAATREVKKAGYVLITADRGLAGGYNANLIRLTEERLREEGRPAALVAVGRKGRDFFRRRPVEIVKSFTDIGDNPELIQARELARQLVTMYLEGTLDEVNLIYTRFYSAIRQVPMVERLLPIATPREKKDTGDYIYEPSPEAVLRVLLPRYCEIKVYRALLEAKASEHGARMTAMDNATKNAAEMIDKFTLSFNRARQAAITNEIVEIVAGADALK
P97675	ENPP3_RAT	Rattus norvegicus (Rat)	875	MDSRLALATEEPIKKDSLKRYKILCAVLLALLVIVSLGLGLGLGLRKPEEHIGSCRKKCFDSSHRGLEGCRCDSGCTDRGDCCWDFEDTCVKSTQIWTCNSFRCGETRLEAALCSCADDCLQRKDCCTDYKAVCQGEVPWVTEACASSQEPQCPEGFDQPPVILFSMDGFRAEYLQTWSTLLPNINKLKTCGLHSKYMRAMYPTKTFPNHYTIVTGLYPESHGIIDNNMYDVYLNKNFSLSSVEKSNPAWWSGQPIWLTAMYQGLKAASYYWPGSDVAVNGSFPNIYRNYSNSVPYESRIATLLQWLDLPKAERPSFYTIYVEEPDSAGHKSGPVSAGVIKALQLVDDAFGMLMEGLKQRNLHNCVNIIVLADHGMDQTSCDRVEYMTDYFPEINFYMYQGPAPRIRTRNIPQDFFTFNSEEIVRDLSCRKSDQHFKPYLTPDLPKRLHYAKNVRIDKVHLMVDRQWLAYRNKGSSNCEGGTHGYNNEFKSMEAIFLAHGPSFKEKTVIEPFENIEVYNLLCDLLHIQPAPNNGSHGSLNHLLKAPFYQPSHAEELSKSAGCGFTTPLPKDSLNCSCLALQTSGQEEQVNQRLNLSGGEVSATEKTNLPFGRPRVIQKNKDHCLLYHREYVSGFGKAMKMPMWSSYTVPKPGDTSSLPPTVPDCLRADVRVDPSESQKCSFYLADQNIDHGFLYPPAIKGNNESQYDALITSNLVPMYKEFKKMWDYFHKVLLIKYAIERNGVNVVSGPIFDYNYDGHFDAPDEITNYVAGTDVPVPTHYFVVLTSCKNKTHTPDSCPGWLDVLPFVVPHRPTNVESCPENKAEDLWVEERFKAHIARVRDVELLTGLDFYQEKTQPVSEILQLKTYLPTFETII
D0VWQ5	RL19_CANLF	Canis lupus familiaris (Dog) (Canis familiaris)	196	MSMLRLQKRLASSVLRCGKKKVWLDPNETNEIANANSRQQIRKLIKDGLIIRKPVTVHSRARCRKNTLARRKGRHMGIGKRKGTANARMPEKVTWMRRMRILRRLLRRYRESKKIDRHMYHSLYLKVKGNVFKNKRILMEHIHKLKADKARKKLLADQAEARRSKTKEARKRREERLQAKKEEIIKTLSKEEETKK
P63161	KCNE2_RAT	Rattus norvegicus (Rat)	123	MTTLANLTQTLEDAFKKVFITYMDSWRRNTTAEQQALQARVDAENFYYVILYLMVMIGMFAFIVVAILVSTVKSKRREHSQDPYHQYIVEDWQQKYRSQILHLEDSKATIHENLGATGFTVSP
B4XXY3	SREA_AJECA	Ajellomyces capsulatus (Darling's disease fungus) (Histoplasma capsulatum)	630	MTGLLASRLRAEGARSPTKGTDIPMRQPSAEDLDAAHQLVSSARGGRDNVMNFRSDRQEMTGKALDNTQGDGSRNMDSQLQNGHKAPVEQRAGESPPESGANPIDHPTSSKKSPKAQSKEQAFTGHSCSNCGTKRTPLWRRSPTGATICNACGLYLKARNTDRPTHRSRSLLTPYGSSSAQTLDKSRSSTSPTNDGNDPRLTDTWSNYAVKECTPSGSCPGGGSCNGTGGAEGCDGCPAYNNRVYKSAARNAMALHTPRTSPQVSTQGGPGSTEGDAGSSNPETMTLHIACQNCQTTVTPLWRRDENGHPICNACGLYHKLHGAYRPPTMKKSIIKRRKRVVPAMREQSPPSATQSSNGSVSPEASPAALAHNHDSHRQYQNVEHGNGHPPPHTRPLYSHAYHAPPPADFTGYTSNVISLPHHPPSTSQQLRPYDNNHNNGETTNTHRAPMPALHNPKKRTISESSIEDSQRPQASQILTHIPQINPPTPPSSSSASFPNNNPGRFNSISSLLNHPGEAATVTAHDRDDSRVDPALSSAVAPRTQQPQQEHQHASAGSHSPPRFSPSLSPAPPSTTAVPVGGGSGSGAAAVAGVVDHRDAKAERRARLQREAQDMREALKAKERELALLE
Q7KVS9	TRF41_DROME	Drosophila melanogaster (Fruit fly)	1001	MDPFVGWFQKEQEGPSLCTWLKIWETNAQEMGALLNQQLQQATTINGSTSSSSSSSNSGNNNNNNNNNIINNTITNTTNNTGNNSSAKPYLSRPYSSLNRVLNFRADSLEILQQQQQQQQLNGTTQRNSTNINTTSGGSTSSSADSTTNRDNNSPANSSSTNGPGAGTGTSTGAGGTGTNSPATTASSTAATTTGPATSMSDTSNNPPQSTTTPASRTNSIYYNPSRKKRPENKAGGAHYYMNNHMEMIAKYKGEPWRKPDYPYGEGVIGLHEEIEHFYQYVLPTPCEHAIRNEVVKRIEAVVHSIWPQAVVEIFGSFRTGLFLPTSDIDLVVLGLWEKLPLRTLEFELVSRGIAEACTVRVLDKASVPIIKLTDRETQVKVDISFNMQSGVQSAELIKKFKRDYPVLEKLVLVLKQFLLLRDLNEVFTGGISSYSLILMCISFLQMHPRGIYHDTANLGVLLLEFFELYGRRFNYMKIGISIKNGGRYMPKDELQRDMVDGHRPSLLCIEDPLTPGNDIGRSSYGVFQVQQAFKCAYRVLALAVSPLNLLGIDPRVNSILGRIIHITDDVIDYREWIRENFEHLVVVDRISPLPTAAPTAYATANGAPKYVIMPSGAVVQQLYHHPVQVPTAHGHSHAHSHSHGHAHPGAHLCQPYVTGTTVSAVTTTTTMAVVTVGVSAGGVQQQQQQQNATAHTHSQQQTQNQSQSRHRRGSTSSGDDSEDSKDGDVVETTSSAQEVVDIALSTPNGLANMSMPMPVHAVGMPASNSWSGNGNGNGNSSSSTGSSPEIAHIAAQEMDPELEDQQQQQQHQETSGGNGFIRPGDVGTGSNRGGGDGSGGRNYNQRNNHNSSGYYHQQYYVPPPMQQQLSKSNSSSNYHQQHHHSHSHGNHSHRQQHHHQQQHHHQQRPQHLRVGGGNRYQKSLGGSPIISAGNASNSSSNCSNSSSSSGSNNSRLPPLRGTLVNSSSAISIISISSESSIASSSSSSSRSGQDQQRDER
Q8FJB1	MSBA_ECOL6	Escherichia coli O6:H1 (strain CFT073 / ATCC 700928 / UPEC)	582	MHNDKDLSTWQTFRRLWPTIAPFKAGLIVAGVALILNAASDTFMLSLLKPLLDDGFGKTDRSVLMWMPLVVIGLMILRGITSYISSYCISWVSGKVVMTMRRRLFGHMMGMPVSFFDKQSTGTLLSRITYDSEQVASSSSGALITVVREGASIIGLFIMMFYYSWQLSIILIVLAPIVSIAIRVVSKRFRNISKNMQNTMGQVTTSAEQMLKGHKEVLIFGGQEVETKRFDKVSNRMRLQGMKMVSASSISDPIIQLIASLALAFVLYAASFPSVMDSLTAGTITVVFSSMIALMRPLKSLTNVNAQFQRGMAACQTLFTILDSEQEKDEGKRVIERATGDVEFRNVTFTYPGRDVPALRNINLKIPAGKTVALVGRSGSGKSTIASLITRFYDIDEGEILMDGHDLREYTLASLRNQVALVSQNVHLFNDTVANNIAYARTEQYSREQIEEAARMAYAMDFINKMDNGLDTVIGENGVLLSGGQRQRIAIARALLRDSPILILDEATSALDTESERAIQAALDELQKNRTSLVIAHRLSTIEKADEIVVVEDGVIVERGTHNDLLEHRGVYAQLHKMQFGQ
P01588	EPO_HUMAN	Homo sapiens (Human)	193	MGVHECPAWLWLLLSLLSLPLGLPVLGAPPRLICDSRVLERYLLEAKEAENITTGCAEHCSLNENITVPDTKVNFYAWKRMEVGQQAVEVWQGLALLSEAVLRGQALLVNSSQPWEPLQLHVDKAVSGLRSLTTLLRALGAQKEAISPPDAASAAPLRTITADTFRKLFRVYSNFLRGKLKLYTGEACRTGDR
Q0TV31	PHLC_CLOP1	Clostridium perfringens (strain ATCC 13124 / DSM 756 / JCM 1290 / NCIMB 6125 / NCTC 8237 / Type A)	398	MKRKICKALICAALATSLWAGASTKVYAWDGKIDGTGTHAMIVTQGVSILENDLSKNEPESVRKNLEILKENMHELQLGSTYPDYDKNAYDLYQDHFWDPDTDNNFSKDNSWYLAYSIPDTGESQIRKFSALARYEWQRGNYKQATFYLGEAMHYFGDIDTPYHPANVTAVDSAGHVKFETFAEERKEQYKINTAGCKTNEAFYTDILKNKDFNAWSKEYARGFAKTGKSIYYSHASMSHSWDDWDYAAKVTLANSQKGTAGYIYRFLHDVSEGNDPSVGKNVKELVAYISTSGEKDAGTDDYMYFGIKTKDGKTQEWEMDNPGNDFMTGSKDTYTFKLKDENLKIDDIQNMWIRKRKYTAFSDAYKPENIKIIANGKVVVDKDINEWISGNSTYNIK
P31270	HXA11_HUMAN	Homo sapiens (Human)	313	MDFDERGPCSSNMYLPSCTYYVSGPDFSSLPSFLPQTPSSRPMTYSYSSNLPQVQPVREVTFREYAIEPATKWHPRGNLAHCYSAEELVHRDCLQAPSAAGVPGDVLAKSSANVYHHPTPAVSSNFYSTVGRNGVLPQAFDQFFETAYGTPENLASSDYPGDKSAEKGPPAATATSAAAAAAATGAPATSSSDSGGGGGCRETAAAAEEKERRRRPESSSSPESSSGHTEDKAGGSSGQRTRKKRCPYTKYQIRELEREFFFSVYINKEKRLQLSRMLNLTDRQVKIWFQNRRMKEKKINRDRLQYYSANPLL
P80315	TCPD_MOUSE	Mus musculus (Mouse)	539	MPENVASRSGAPTAGPGSRGKSAYQDRDKPAQIRFSNISAAKAVADAIRTSLGPKGMDKMIQDGKGDVTITNDGATILKQMQVLHPAARMLVELSKAQDIEAGDGTTSVVIIAGSLLDSCTKLLQKGIHPTIISESFQKALEKGLEILTDMSRPVQLSDRETLLNSATTSLNSKVVSQYSSLLSPMSVNAVMKVIDPATATSVDLRDIKIVKKLGGTIDDCELVEGLVLTQKVANSGITRVEKAKIGLIQFCLSAPKTDMDNQIVVSDYAQMDRVLREERAYILNLVKQIKKTGCNVLLIQKSILRDALSDLALHFLNKMKIMVVKDVEREDIEFICKTIGTKPVAHIDQFTADMLGSAELAEEVSLNGSGKLFKITGCTSPGKTVTIVVRGSNKLVIEEAERSIHDALCVIRCLVKKRALIAGGGAPEIELALRLTEYSRTLSGMESYCVRAFADAMEVIPSTLAENAGLNPISTVTELRNRHAQGEKTTGINVRKGGISNILEEMVVQPLLVSVSALTLATETVRSILKIDDVVNTR
P86919	HBB_CROSI	Crocodylus siamensis (Siamese crocodile)	146	SAFNPHEKQLIGDLWHKVDVAHCGGEALSRMLIVYPWKRRYFENFGDISNAQAIIHNEKVQAHGKKVLASFGEAVKHLDSIRAHFANLSKLHCEKFHVDPENFKLLGDIIIIVLAAHYPKDFGLECHAAYQKLVRQVAAALAAEYH
Q3V3E1	UBS3A_MOUSE	Mus musculus (Mouse)	624	MAAGETQLYAKVSNKLKGRSTPSLLDPLLAMGFPTHTALKALAATGRKTAEAAADWLHGHCNDPSLDDPIPQEYALFLCPTGPLLEKLQEFWRESRRQCAKNRAHEVFPHVTLCDFFTCEDQKVECLYEALRRAGDRILGSFPTLVPLVLHSSISYLGFFINDSPADAIREFAMAFATEAAVLADCTIKPCTKQLHLTLAHKFYPHHQRTLEQLAKAIQPSHSCQWTAALYSRDMRFVHYQTLKALFQYKPQNADELMLSAGDYIFVDPTQQEEASEGWAIGISHRTGCRGFLPENYTERANEADTWVKHRTYTFNLAMDLNSRKDFEASCRGNGEPHTPSMSKSVSSIQALQATISRRGILVVRHGERVDQVFGKSWLQQCTTADGKYYRPDLNFPRSLPRRSNGIKDFENDPPLSSCGIFQARLAGEALLDSGVRVTAVFASPALRCVQTAKHILEELKLEKKLKIRVEPGIFEWMKWEASKATLTFLTLEELKEANFNVDLDYRPALPRCSLMPAESYDQYVERCAVSMGQIINTCPQDMGITLIVSHSSALDSCTRPLLGLPPRECGDFAQLVRKIPSLGMCFCEENREDGKWDLVNPPVKTLTHGANSVFNWRNWISSN
Q93ZY2	ROGF1_ARATH	Arabidopsis thaliana (Mouse-ear cress)	548	MGSLSSEEDDEVSSERCGSYSPSADISESESSSSFSCHRFDGEGASSSIPSSPRVVAGRGFYFPAPVMLPVIGGKDVVWDDKQPDNDLSEIEMMKERFAKLLLGEDMSGGGKGVCTALAISNAITNLSATVFGELWRLEPLAPQKKAMWRRELEWLLCVSDSIVELIPSIQQFPGGGTYEIMETRPRSDLYANLPALKKLDAMLIDMLDAFSDTEFWYTDRGIVLGDCDKDSYNSPASVRQEDKWWLPCPKVPPNGLSEEARKKLQQCRDFANQILKAALAINSGVLAEMEIPDPYLETLPKSGKECLGEIIYQYLTANKFSPECLLDCLDLSSEHQTLEIANRIEAAVHVWRQKNGRRHKKQAKLKLSSWGGKVKGLVNDNERNDFLVQRAETLLQSLRIRFPGLPQTTLDMNKIQYNKDVGQSILESYSRVMESMAFNITARIDDVLYVDDAMRRSISVTESLSLFSINGLNPQKAFSVQSSPHGSPFATPALSVASRSPRRAPPLYSVKRNGTREKGIVGETEKAWSYAGNLSSRRVTGVTPERD
P10618	G3P_METFE	Methanothermus fervidus	337	MKAVAINGYGTVGKRVADAIAQQDDMKVIGVSKTRPDFEARMALKKGYDLYVAIPERVKLFEKAGIEVAGTVDDMLDEADIVIDCTPEGIGAKNLKMYKEKGIKAIFQGGEKHEDIGLSFNSLSNYEESYGKDYTRVVSCNTTGLCRTLKPLHDSFGIKKVRAVIVRRGADPAQVSKGPINAIIPNPPKLPSHHGPDVKTVLDINIDTMAVIVPTTLMHQHNVMVEVEETPTVDDIIDVFEDTPRVILISAEDGLTSTAEIMEYAKELGRSRNDLFEIPVWRESITVVDNEIYYMQAVHQESDIVPENVDAVRAILEMEEDKYKSINKTNKAMNILQ
Q494U1	PKHN1_HUMAN	Homo sapiens (Human)	611	MGNSHCVPQAPRRLRASFSRKPSLKGNREDSARMSAGLPGPEAARSGDAAANKLFHYIPGTDILDLENQRENLEQPFLSVFKKGRRRVPVRNLGKVVHYAKVQLRFQHSQDVSDCYLELFPAHLYFQAHGSEGLTFQGLLPLTELSVCPLEGSREHAFQITGPLPAPLLVLCPSRAELDRWLYHLEKQTALLGGPRRCHSAPPQRRLTRLRTASGHEPGGSAVCASRVKLQHLPAQEQWDRLLVLYPTSLAIFSEELDGLCFKGELPLRAVHINLEEKEKQIRSFLIEGPLINTIRVVCASYEDYGHWLLCLRAVTHREGAPPLPGAESFPGSQVMGSGRGSLSSGGQTSWDSGCLAPPSTRTSHSLPESSVPSTVGCSSQHTPDQANSDRASIGRRRTELRRSGSSRSPGSKARAEGRGPVTPLHLDLTQLHRLSLESSPDAPDHTSETSHSPLYADPYTPPATSHRRVTDVRGLEEFLSAMQSARGPTPSSPLPSVPVSVPASDPRSCSSGPAGPYLLSKKGALQSRAAQRHRGSAKDGGPQPPDAPQLVSSAREGSPEPWLPLTDGRSPRRSRDPGYDHLWDETLSSSHQKCPQLGGPEASGGLVQWI
P05068	CR1AC_BACTK	Bacillus thuringiensis subsp. kurstaki	1178	MDNNPNINECIPYNCLSNPEVEVLGGERIETGYTPIDISLSLTQFLLSEFVPGAGFVLGLVDIIWGIFGPSQWDAFLVQIEQLINQRIEEFARNQAISRLEGLSNLYQIYAESFREWEADPTNPALREEMRIQFNDMNSALTTAIPLFAVQNYQVPLLSVYVQAANLHLSVLRDVSVFGQRWGFDAATINSRYNDLTRLIGNYTDYAVRWYNTGLERVWGPDSRDWVRYNQFRRELTLTVLDIVALFPNYDSRRYPIRTVSQLTREIYTNPVLENFDGSFRGSAQGIERSIRSPHLMDILNSITIYTDAHRGYYYWSGHQIMASPVGFSGPEFTFPLYGTMGNAAPQQRIVAQLGQGVYRTLSSTLYRRPFNIGINNQQLSVLDGTEFAYGTSSNLPSAVYRKSGTVDSLDEIPPQNNNVPPRQGFSHRLSHVSMFRSGFSNSSVSIIRAPMFSWIHRSAEFNNIIASDSITQIPAVKGNFLFNGSVISGPGFTGGDLVRLNSSGNNIQNRGYIEVPIHFPSTSTRYRVRVRYASVTPIHLNVNWGNSSIFSNTVPATATSLDNLQSSDFGYFESANAFTSSLGNIVGVRNFSGTAGVIIDRFEFIPVTATLEAEYNLERAQKAVNALFTSTNQLGLKTNVTDYHIDQVSNLVTYLSDEFCLDEKRELSEKVKHAKRLSDERNLLQDSNFKDINRQPERGWGGSTGITIQGGDDVFKENYVTLSGTFDECYPTYLYQKIDESKLKAFTRYQLRGYIEDSQDLEIYLIRYNAKHETVNVPGTGSLWPLSAQSPIGKCGEPNRCAPHLEWNPDLDCSCRDGEKCAHHSHHFSLDIDVGCTDLNEDLGVWVIFKIKTQDGHARLGNLEFLEEKPLVGEALARVKRAEKKWRDKREKLEWETNIVYKEAKESVDALFVNSQYDQLQADTNIAMIHAADKRVHSIREAYLPELSVIPGVNAAIFEELEGRIFTAFSLYDARNVIKNGDFNNGLSCWNVKGHVDVEEQNNQRSVLVVPEWEAEVSQEVRVCPGRGYILRVTAYKEGYGEGCVTIHEIENNTDELKFSNCVEEEIYPNNTVTCNDYTVNQEEYGGAYTSRNRGYNEAPSVPADYASVYEEKSYTDGRRENPCEFNRGYRDYTPLPVGYVTKELEYFPETDKVWIEIGETEGTFIVDSVELLLMEE
O51345	SYE_BORBU	Borreliella burgdorferi (strain ATCC 35210 / DSM 4680 / CIP 102532 / B31) (Borrelia burgdorferi)	490	MSTRVRYAPSPTGLQHIGGIRTALFNYFFAKSCGGKFLLRIEDTDQSRYSPEAENDLYSSLKWLGISFDEGPVVGGDYAPYVQSQRSAIYKQYAKYLIESGHAYYCYCSPERLERIKKIQNINKMPPGYDRHCRNLSNEEVENALIKKIKPVVRFKIPLEGDTSFDDILLGRITWANKDISPDPVILKSDGLPTYHLANVVDDYLMKITHVLRAQEWVSSGPLHVLLYKAFKWKPPIYCHLPMVMGNDGQKLSKRHGSTALRQFIEDGYLPEAIINYVTLLGWSYDDKREFFSKNDLEQFFSIEKINKSPAIFDYHKLDFFNSYYIREKKDEDLFNLLLPFFQKKGYVSKPSTLEENQKLKLLIPLIKSRIKKLSDALNMTKFFYEDIKSWNLDEFLSRKKTAKEVCSILELIKPILEGFEKRSSEENDKIFYDFAESNGFKLGEILLPIRIAALGSKVSPPLFDSLKLIGKSKVFERIKLAQEFLRINE
Q6LEM5	BNP1_BOTJA	Bothrops jararaca (Jararaca) (Bothrops jajaraca)	256	MVLSRLAASGLLLLALLALSVDGKPVQQWAQSWPGPNIPPLKVQQWAQGGWPRPGPEIPPLTVQQWAQNWPHPQIPPLTVQQWAQGRAPGPPIPPLTVQQWAQGRAPHPPIPPAPLQKWAPLQKWAPLLQPHESPASGTTALREELSLGPEAASGVPSAGAEVGRSGSKAPAAPHRLSKSKGAAATRPMRDLRPDGKQARQNWGRMAHHDHHAAAGGGGGGGGGARRLKGLAKKGAAKGCFGLKLDRIGTMSGLGC
O48845	CYB5B_ARATH	Arabidopsis thaliana (Mouse-ear cress)	134	MGDEAKIFTLSEVSEHNQAHDCWIVINGKVYNVTKFLEDHPGGDDVLLSSTGKDATDDFEDVGHSESAREMMEQYYVGEIDPTTIPKKVKYTPPKQPHYNQDKTSEFIIKLLQFLVPLAILGLAVGIRIYTKSG
P40210	SIP5_YEAST	Saccharomyces cerevisiae (strain ATCC 204508 / S288c) (Baker's yeast)	489	MGNVPGKIDQEDSFNDVRPDSSYNTTSSNSVIKQYDEEASSRVRTRRTTSLVNNILNGNNARTKTGSHLSSTSRRKTSREKELAKEAHAKQLVVRCSETVDGGFLAPFGCYSFEKLDYDATVVKNLIIKRKLAPFYTPLQDFDESWTRDELIKIVDGLPLHDTFDENLEEFEDVPIGNLRKSTFNELIDKSLSKKEQRRMHAKIFRARLYKKRILWQENENETFLERKLEMKRIGSKSSNVEDNTSSQPRKNYHLPSDDLKYTLYKNGSECPICFLYFPGPFNYSKCCQQPICTECFVQIKRADPHFPHDEVDPTEPQTNDSEKDPNLLTSEPANCPYCATASFSITYQPPTNRETGIGGMPADSYVYKDAAISRADGGQPNISAITSDTIRPDWEIKLNKERARLMRRSANATAIHISNRLIDPSHSRRRNTSHSITPIHDESTSASRSPEPTINELEDQMVREAIRLSLEDQDNRKKSKNRNTSLRP
P56164	MPA51_PHAAQ	Phalaris aquatica (Canary grass)	320	MAVQKYTMALFLAVALVAGPAAPTPPTPRTPPLLPPPRARDKATLTSRSVEDINAASRRPWWASVPPADKFKTFADHVLCVPNADVTSAATKAPQLKAKLDAAYRVAYEAAEGSTPEAKYDAFIAALTEALRVIAGAFEVHAVKPATEEVVADPVGELQIVDKIDAAFKIAATAANSAPANDKFTVFEGAFNKAIKESTAGAYETYKFIPSLEAAVKQAYGATVARAPEVKYAVFEAGLTKAITAMSEAQKVAKPPLSPQPPQVLPLAAGGAATVAAASDVRVCRSHGTLQDACLLRCRGGCQPVVWRGGSHRARGGYKV
P0AF96	TABA_ECOLI	Escherichia coli (strain K12)	150	MIIGNIHNLQPWLPQELRQAIEHIKAHVTAETPKGKHDIEGNRLFYLISEDMTEPYEARRAEYHARYLDIQIVLKGQEGMTFSTQPAGAPDTDWLADKDIAFLPEGVDEKTVILNEGDFVVFYPGEVHKPLCAVGAPAQVRKAVVKMLMA
Q9LR64	PB27A_ARATH	Arabidopsis thaliana (Mouse-ear cress)	174	MASASATATLLKPNLPPHKPTIIASSVSPPLPPPRRNHLLRRDFLSLAATSTLLTQSIQFLAPAPVSAAEDEEYIKDTSAVISKVRSTLSMQKTDPNVADAVAELREASNSWVAKYRKEKALLGKASFRDIYSALNAVSGHYVSFGPTAPIPAKRKARILEEMETAEKALTRGR
Q8W595	SUVR4_ARATH	Arabidopsis thaliana (Mouse-ear cress)	492	MISLSGLTSSVESDLDMQQAMLTNKDEKVLKALERTRQLDIPDEKTMPVLMKLLEEAGGNWSYIKLDNYTALVDAIYSVEDENKQSEGSSNGNRGKNLKVIDSPATLKKTYETRSASSGSSIQVVQKQPQLSNGDRKRKYKSRIADITKGSESVKIPLVDDVGSEAVPKFTYIPHNIVYQSAYLHVSLARISDEDCCANCKGNCLSADFPCTCARETSGEYAYTKEGLLKEKFLDTCLKMKKEPDSFPKVYCKDCPLERDHDKGTYGKCDGHLIRKFIKECWRKCGCDMQCGNRVVQRGIRCQLQVYFTQEGKGWGLRTLQDLPKGTFICEYIGEILTNTELYDRNVRSSSERHTYPVTLDADWGSEKDLKDEEALCLDATICGNVARFINHRCEDANMIDIPIEIETPDRHYYHIAFFTLRDVKAMDELTWDYMIDFNDKSHPVKAFRCCCGSESCRDRKIKGSQGKSIERRKIVSAKKQQGSKEVSKKRK
Q8IH00	NOL6_DROME	Drosophila melanogaster (Fruit fly)	1193	MRFVQGNIMPGKLVGSPKGAARTGTQAIAHAGDHSDLDEPKPKIAKSDPPSTAIPKKNNFKQREGTKNVKPPTLEEMKELRDTQNLFHSNLFKLQVKEMLEELQLKQKYTDFIENWLESFTAFTRQLKDGLMERTHLEVPMKLSEKPTGFVFSKPTREPYLIGAAATGTLLGPKIVVDVALEMPKESLHKEDYLNLRYDQKRALYLTYVTERMMESPDYAEDQFNFNYYANNPLKPVLELIPVTKQVNKHLQVRLFITAPLSSFKPGRFVPWNNNIRPSFYGDEWDEKDPLPSTQHYNANVLFDLTLSENQAQLDKAFKSRRNFQDGLLLLKVWLRQRQLDIGYSGFGAHILAAFIVYLNTQRILHQSSSSYQVARTVWNQLANTDWTKGISLSVAPIQTEELNKFAEHYDVCFIDFTGQHNLCANIPLYLYQRVREEAKLAVELLNDMKLNSFPLIFMQKCPLYSRVDNILKISNYSCINQMLTLHSHPRIKYDFANYGYPQLLHLLTELLKKGLAERVHSILPLETATAAWPVEKKAPVIGKYIQLGLILQPEHAYQVLNKGPAANDDHEGAEEFRRFWGEKSNLRRFQDGSITEAVVWGTAQDSPAKKRLIVRQIVLHLLEHHLQLDSKEVQYIGGELDQVYQLSPWFKVNKLKTKLPLGQDTDAEALSPHVIRCYDELARQLHGLNDLPLEIVSISGVSPIFRYCEPQPVLPQALLVENRILASSIQRVVIQLGQSGKWPTELGALRALKTAFLIEIGEKLEAQCRLHWVMSADGLLVLKQGYCFLIELAHNKELALLKQEVTERGITTYIDNAASRSLERQHYILPKVSGALHSLHQTYSAFGSTVLLAKRWLATQLLDDGLWPDMATELLVAHLFQQRYAPQSIAAPQTGFIRFLQLLSHSDFNGELFLLNFNNSWQEQQIADLEHNYRSNRQSYPPLAVATSYDMQHAGRLWTSDQSPSQRVLGHVTRLARHALEIIETSLMSKDLRFVRPAQLFRASNEGYDLVIQFKPDLVPNSLSYDLGSPFVSFSQPNFSLPRAGSDYIARIVGLLRSAYSDFAAFFYNPHGGKELGIVWRPPTEFAAKPFKVTELQACSPCGNKKVQVLKETLLEDFKLLLKDFYLRIATPEELKREQREHQKPMRYFDANKAEEESKPKPKKHRQRKGTGKKALPKRKRLIKSSTLKVLK
Q7SXL3	TBP_DANRE	Danio rerio (Zebrafish) (Brachydanio rerio)	302	MEQNNSLPPFAQGLASPQGAMTPGLPIFSPMMPYGTGLTPQPVQNSNSLSLLEEQQRQQQQQQAASQQQGGMVGGSGQTPQLYHSTQAVSTTTALPGNTPLYTTPLTPMTPITPATPASESSGIVPQLQNIVSTVNLGCKLDLKTIALRARNAEYNPKRFAAVIMRIREPRTTALIFSSGKMVCTGAKSEEQSRLAARKYARVVQKLGFPAKFLDFKIQNMVGSCDVKFPIRLEGLVLTHQQFSSYEPELFPGLIYRMIKPRIVLLIFVSGKVVLTGAKVRGEIYEAFENIYPILKGFRKTS
P59942	MCCD1_HUMAN	Homo sapiens (Human)	119	MVLPLPWLSRYHFLRLLLPSWSLAPQGSHGCCSQNPKASMEEQTSSRGNGKMTSPPRGPGTHRTAELARAEELLEQQLELYQALLEGQEGAWEAQALVLKIQKLKEQMRRHQESLGGGA
P11456	MPRD_BOVIN	Bos taurus (Bovine)	279	MMSPLHSSWRTGLLLLLLFSVAVRESWQTEEKTCDLVGEKGKESEKELALLKRLTPLFNKSFESTVGQSPDMYSYVFRVCREAGNHSSGAGLVQINKSNGKETVVGRFNETQIFNGSNWIMLIYKGGDEYDNHCGREQRRAVVMISCNRHTLADNFNPVSEERGKVQDCFYLFEMDSSLACSPEISHLSVGSILLVTLASLVAVYIIGGFLYQRLVVGAKGMEQFPHLAFWQDLGNLVADGCDFVCRSKPRNVPAAYRGVGDDQLGEESEERDDHLLPM
A0A1L8HV70	DCK1_XENLA	Xenopus laevis (African clawed frog)	265	MATPPKRICIDVPASPSGNKCKVKRISIEGNIAAGKSTFVNILKKANEEWDVVPEPIARWCNIQSCKDEFEELTTSQKSGGNLLQMMYEKPERWSFTFQSYACLSRIRAQLKALGGKLKEAENPVLFFERSVYSDRYIFASNLYEAECMNETEWTVYQDWHDWMNSQFGADLELDGIIYLRAIPEKCLNRVYTRGREEEQGIPMEYLEKLHYKHETWLHHRTLRTDFEYLQEIPILTLDVNEDFRDNKQKQESLIEKVKEFLSTL
O42868	SSU72_SCHPO	Schizosaccharomyces pombe (strain 972 / ATCC 24843) (Fission yeast)	197	MAPKTNLQISVICASNQNRSMEAHNVLKNAGYQVDSFGTGSAVRLPGPSIDKPNIYQFGYPYDEIYKELEAQDSRLYTANGLLKMLDRNRRIKRAPCRWQDQDSIYNIVITCEERCYDAICEDLYRRGETLNRPVYLINVDIKDNHEEASVGGKAILDLVNKLTEAQDKLEELFPSIMADFQSNHPKLPVLYTIHFF
O60928	KCJ13_HUMAN	Homo sapiens (Human)	360	MDSSNCKVIAPLLSQRYRRMVTKDGHSTLQMDGAQRGLAYLRDAWGILMDMRWRWMMLVFSASFVVHWLVFAVLWYVLAEMNGDLELDHDAPPENHTICVKYITSFTAAFSFSLETQLTIGYGTMFPSGDCPSAIALLAIQMLLGLMLEAFITGAFVAKIARPKNRAFSIRFTDTAVVAHMDGKPNLIFQVANTRPSPLTSVRVSAVLYQERENGKLYQTSVDFHLDGISSDECPFFIFPLTYYHSITPSSPLATLLQHENPSHFELVVFLSAMQEGTGEICQRRTSYLPSEIMLHHCFASLLTRGSKGEYQIKMENFDKTVPEFPTPLVSKSPNRTDLDIHINGQSIDNFQISETGLTE
P0A944	RIMI_ECOLI	Escherichia coli (strain K12)	148	MNTISSLETTDLPAAYHIEQRAHAFPWSEKTFASNQGERYLNFQLTQNGKMAAFAITQVVLDEATLFNIAVDPDYQRQGLGRALLEHLIDELEKRGVATLWLEVRASNAAAIALYESLGFNEATIRRNYYPTTDGREDAIIMALPISM
Q8K3Z9	PO121_MOUSE	Mus musculus (Mouse)	1200	MSPAAAAADGGERRRPPLGGREGRSRARGYGGPAGAAALGLALLGLALYLVPAAAALAWLAVGASAAWWGLSREPRGPRALSSFVRDARRHPRPALTASPPPAKSPVNGSLCEPRSPLGGPDPAELLLMGSYLGKPGPPEPALRQDPRERPGRRPPARSPPPASAVQRVHHVYPALPTPLLRPSRRPPHRDCGPLSSRFVITPRRRYPIQQAQYSLLGALPTVCWNGGHKKAVLSPRNSRMVCSPVTVRIAPPDSKLFRSSMSEQILDTTLSSPSSNAPDPCAKETVLNALKEKKKRTVAEEDQLHLDGQENKRRRHDSGGSGHSAFEPLVANGVPAAFVPKPGSLKRSLASQSSDDHLNKRSRTSSVSSLASACTGGIPSSSRNAITSSYSSTRGISQLWKRSGPTSSPFSSPASSRSQTPERPAKKTREEEPCQQSSSSPPLVTDKESPGEKVTDTTTGKQQSSWTSPPTPGSSGQRKRKIQLLPSRRGDQLTLPPPPELGYSITAEDLDMERKASLQWFNKVLEDKPDDASASATDGPPSTSPPFTFTLPAVGPAASPASLPAPSSNPLLESLKKMQESPAPSSSEPAEAATVAAPSPPKTPSLLAPLVSPLAGPLASTSSDSKPAATFLGLASASSITPLTDSKSSGVSQAEQSVSTPASTASSPTPKPSMLFGMLSPPASSSSLATPAPACASPMFKPIFPATPKSESDSPLPSSSSAATTASSSTAPPTAASTTPTFKPIFDKMEPFTAMPLSTPFSLKQTTATATTTATSAPLFTGLGTATSTVASGTAASASKPVFGFGVTTAASTASSTMTSTSQSVLFGGAPPVTTSSSAPALASIFQFGKPLAPAASAAGTSFSQPLASSTQTAASNSGFSGFGSTLTTSTSAPATTSQPTLTFSNTVTPTFNIPFSSSAKPALPTYPGANSQPTFGATDGATKPALAPSFGSSFTFGNSVASAPSAAPAPATFGSAAQPAFGGLKAAASTFGAPASTQPAFGSTTSVFSFGSATTSGFGAAATAATTTQTTNSGSSSSLFGSSAPSPFTFGGSAAPAGSGGFGLSATPGTSSTSGTFSFGSGQSGTPGTTTSFGSLSQNTLGAPSQGSPFAFSVGSTPESKPVFGGTSTPTFGQSAPAPGVGTTGSSLSFGASSTPAQGFVGVGPFGSAAPSFSIGAGSKTPGARQRLQARRQHTRKK
Q9C4M3	ATGT_HALVD	Haloferax volcanii (strain ATCC 29605 / DSM 3757 / JCM 8879 / NBRC 14742 / NCIMB 2012 / VKM B-1768 / DS2) (Halobacterium volcanii)	516	MRDHFELRDGDLAGRIGRLSVPRAGVTVETPALLPVVNPNIDTISPARLESEFGAEILITNSYIIKTNDHLREEALDVGLHEMLDFDGAIMTDSGSFQLAEYGEIDTTTEEILQFQRDIGTDIATPVDIPTPPDVAREQAEADLEITRQALADAEAADTGEMLVNAPVQGSTYPDLREEAGRHADATDLDVFPVGAVVPMMNAYRYDDMVDAVAAAKRGLGVDAPVHLFGAGHPMMLALAVALGCDLFDSAAYALYARDGRYLTVRGTEHLEDLDYLPCTCPICTEYSPDDLREKGSKRQEQLLAEHNLHVTFAELRRIKQAIRDGDLMELVEERARSHPAMLDGYRALLAHVDQLEREDPASKGAFFYASNESAHRPEVARHHARMDRLTAEGHVLLTEGGVPSGDDFDATWRVVPPFGPFPRSLSETYPLTAEVPERLDRDAYEQAARGVSRLVEENPDAAFTLAHDDWPESALARVPESVELESLSAVSERLGDEASVGGDDGDDGGSASSAE
P86727	QRP_HALAI	Haliotis asinina (Donkey's ear abalone) (Ass's ear abalone)	117	MAAYCQAQGLDVVLAALLGAINQQPSRQQFQQQQQQQRQPQLQQQQQQQGIQQQPQGLQHQQQQFGLTQQHGQGRRQNIVQPNPASQNNNRMMLDMLLLNQIAQSNRMNTLAFIMAN
P21266	GSTM3_HUMAN	Homo sapiens (Human)	225	MSCESSMVLGYWDIRGLAHAIRLLLEFTDTSYEEKRYTCGEAPDYDRSQWLDVKFKLDLDFPNLPYLLDGKNKITQSNAILRYIARKHNMCGETEEEKIRVDIIENQVMDFRTQLIRLCYSSDHEKLKPQYLEELPGQLKQFSMFLGKFSWFAGEKLTFVDFLTYDILDQNRIFDPKCLDEFPNLKAFMCRFEALEKIAAYLQSDQFCKMPINNKMAQWGNKPVC
Q69ZK0	PREX1_MOUSE	Mus musculus (Mouse)	1650	MEAPGSGGGDGGGDPGGDGAHPDARGPVSGPCAAARDSERQLRLRLCVLNEILGTERDYVGTLRFLQSAFLQRIRQNVADSVEKGLTEENVKVLFSNIEDILEVHKDFLAALEYCLHPEPQSQHELGNVFLKFKDKFCVYEEYCSNHEKALRLLVELNKVPAVRAFLLSCMLLGGRKTTDIPLEGYLLSPIQRICKYPLLLKELAKRTPGKHPDHTAVQSALQAMKTVCSNINETKRQMEKLEALEQLQSHIEGWEGSNLTDICTELLLQGNLLKISAGNIQERAFFLFDNLLVYCKRKSRVTGSKKSTKRTKSINGSLYIFRGRINTEVMEVENVEDGTADYHSNGYTVTNGWKIHNTAKNKWFVCMAKTAEEKQKWLDALIREREQRESLKLGMERDAYVMIAEKGEKLYHMMMSKKVNLIKDRRRKLSTVPKCFLGNEFVAWLLEIGEISKTEEGVNLGQALLENGIIHHVSDKHQFKNEQVMYRFRYDDGTYKARSELEDIMSKGVRLYCRLHSLYAPVIKDRDYHLKTYKSVVPGSKLVDWLLAQGDCQTREEAVALGVGLCNNGFMHHVLEKSEFKDESQYFRFHADEEMEGTSSKNKQLRNDFKLVENILAKRLLIPPQEDDYGFDLEEKNKAVVVKSVQRGSLAEMAGLQAGRKIYSINEDLVFLRPFSEVETILNQFFCSRRPLRLLVATKAKETIKVPDHPEALSFQIRGTAPPCVFAVGRGSEAVAAGLCAGQCILKVNGTSVANDGALEVLEHFQAFRNHREEALGLYQWVYHSHEDAQLARASQGAPDEDPQEDDQPDSALPLLSLGPQLSLHEDSAVVSLTLDNVHLEHGVVYEYMSTAGAKCHVLEKIVEPRGCFRLAAKILEAFAVDDSIFVQNCGRLMAMSSAIVTMSHYEFHNICDTKLESIGQRIACYQEFAAQLKSRVSPPFKQASLEPHPLCGLDFCPTNCHVNLMEVSYPKTTPSVGRSFSIRFGRKPSLIGLDPEQGLNPMAYTQHCITTMAAPSWKCSPAVDEDSQGQGLNDSSYGSASGAPSQQDRGLSFLLKQEDREIQDAYLQLFTKLDVALKEMKQYVTQINRLLSTITEPTSAAPAPCDPSLVEETSSSPPVSEESEVDRTDHSGIKKVCFKVSEDEQEDSGHDTMSYRDSYSECNSNRDSVLSYTSVRSNSSYLGSDEMGSGDELPCDMRIPSDKQDKLHGCLEHLFNQVDSIHALLKGPVMSRAFEETRHFPMKHSWQEFKQKEECTVRGRNLIQISIQEDPWNLPSSIRTLVDNIQQYVEDGKNQLLLALLKCTDTELQLRRDAVFCQALVAAVCTFSEQLLAALDYRYNNNGEYEESSRDASRKWLEQVAATGVLLHWQSLLAPASVKEERTMLEDIWVTLSELDNVTFSFKQLDENSVANTNVFYHIEGSRQALKVVFYLDGFHFSRLPSRLEGGASLRLHTVLFTKALESVEGPPPPGNQAAEELQQEINAQSLEKVQQYYRKLRAFYLERSNLPTDAGATAVKIDQLIRPINALDELYRLMKTFVHPKAGAAGSLGAGLIPVSSELCYRLGACQITMCGTGMQRSTLSVSLEQAAILARSHGLLPKCVMQATDIMRKQGPRVEILAKNLRIKDPMPQGAPRLYQLCQPPVDGDL
Q5SIL0	SDRP_THET8	Thermus thermophilus (strain ATCC 27634 / DSM 579 / HB8)	202	MTQVRETVSFKAGDVILYPGVPGPRDRAYRVLEGLVRLEAVDEEGNALTLRLVRPGGFFGEEALFGQERIYFAEAATDVRLEPLPENPDPELLKDLAQHLSQGLAEAYRRIERLATQRLKNRMAAALLELSETPLAHEEEGKVVLKATHDELAAAVGSVRETVTKVIGELAREGYIRSGYGKIQLLDLKGLKELAESRGQGR
Q2HY54	VIOLA_VIOOD	Viola odorata (Sweet violet)	106	MDAQKMKMVIGLVLVATTAFALMIPAASAVDDFITRRAYDNLVKSGAIKDIPVMAKTIISNPVLEEGMLTYYTNKKLGDSAISCGETCFKFKCYTPRCSCSYPVCK
Q9EXP2	SUFS_DICD3	Dickeya dadantii (strain 3937) (Erwinia chrysanthemi (strain 3937))	412	MNYPVEHYPIDRVRADFPILQQSVNGQPLAYLDSAASAQKPLAVIDRERDFYLHEYAAVHRGIHTLSARATSAMEEVRAKVATFIHAASAEDIVFVRGTTEAINLVANSYGRTAFQPGDNLVISEMEHHANIVPWQMLAQARGLTLRVLPITDDGELDMAQLPALLDERTRLVAVTQVSNVLGTVNPLAEIIRQAHACGAKVLVDGAQAVMHQAVDVQALDCDFYAFSGHKLYGPSGIGVLYGKSELLQAMPPWEGGGAMIREVSLTQGTTYADPPWRFEAGSPHVAGIIGLGAALDYVSALGVDAIQAHEGLLMRYALASLAEVPTLRLYGPVHRQGVIAFNLGRHHAFDVGSFLDQYGIAIRTGHHCAMPLMSRYGVPSMCRASLALYSCQDEIDRLVAGLHRIHRLLGE
O43310	CTIF_HUMAN	Homo sapiens (Human)	598	MENSSAASASSEAGSSRSQEIEELERFIDSYVLEYQVQGLLADKTEGDGESERTQSHISQWTADCSEPLDSSCSFSRGRAPPQQNGSKDNSLDMLGTDIWAANTFDSFSGATWDLQPEKLDFTQFHRKVRHTPKQPLPHIDREGCGKGKLEDGDGINLNDIEKVLPAWQGYHPMPHEVEIAHTKKLFRRRRNDRRRQQRPPGGNKPQQHGDHQPGSAKHNRDHQKSYQGGSAPHPSGRPTHHGYSQNRRWHHGNMKHPPGDKGEAGAHRNAKETMTIENPKLEDTAGDTGHSSLEAPRSPDTLAPVASERLPPQQSGGPEVETKRKDSILPERIGERPKITLLQSSKDRLRRRLKEKDEVAVETTTPQQNKMDKLIEILNSMRNNSSDVDTKLTTFMEEAQNSTNSEEMLGEIVRTIYQKAVSDRSFAFTAAKLCDKMALFMVEGTKFRSLLLNMLQKDFTVREELQQQDVERWLGFITFLCEVFGTMRSSTGEPFRVLVCPIYTCLRELLQSQDVKEDAVLCCSMELQSTGRLLEEQLPEMMTELLASARDKMLCPSESMLTRSLLLEVIELHANSWNPLTPPITQYYNRTIQKLTA
Q6BDS2	BLT3A_HUMAN	Homo sapiens (Human)	1440	MAGIIKKQILKHLSRFTKNLSPDKINLSTLKGEGQLTNLELDEEVLQNVLELPTWLAITRVYCNRASIRIQWTKLKTHPICLCLDKVEVEMKTCEDPRPPNGQSPIALASGQSEYGFAEKVVEGMFIIVNSITIKIHSKAFHASFELWQLQGYSVNPNWQQSDLRLTRITDPCRGEVLTFKEITWQTLRIEADATDNGDQDPVTTPLRLITNQGRIQIALKRRTKDCNVISSKLMFLLDDLLWVLTDSQLKAMMKYAESLSEAMEKSAHQRKSLAPEPVQITPPAPSAQQSWAQAFGGSQGNSNSSSSRLSQYFEKFDVKESSYHLLISRLDLHICDDSQSREPGVSANRLMGGAMQLTFRKMAFDYYPFHWAGDSCKHWVRHCEAMETRGQWAQKLVMEFQSKMEKWHEETGLKPPWHLGVDSLFRRKADSLSSPRKNPLERSPSQGRQPAFQPPAWNRLRSSCMVVRVDDLDIHQVSTAGQPSKKPSTLLSCSRKLHNLPTQVSAIHIEFTEYYFPDNQELPVPCPNLYIQLNGLTFTMDPVSLLWGNLFCLDLYRSLEQFKAIYKLEDSSQKDEHLDIRLDAFWLKVSFPLEKRERAELHRPQALVFSASGMIATNTRHAPHCSCSDLQSLFRGFAAAEFFHSNYDHFPKVPGGFSLLHMLFLHHAFQMDSCLPQPNTLPPQRPKASWDLWSVHFTQISLDFEGTENFKGHTLNFVAPFPLSIWACLPLRWQQAQARKLLLASEGRLKPSASFGSPVQSEALAPDSMSHPRSKTEHDLKSLSGLTEVMEILKEGSSGMDNKGPLTELEDVADVHMLVHSPAHVRVRLDHYQYLALLRLKEVLQRLQEQLTKDTESMTGSPLQNQTACIGVLFPSAEVALLMHPAPGAVDADSAGSDSTSLVDSELSPSEDRELKSDASSDQGPASPEKVLEESSIENQDVSQERPHSNGELQDSGPLAQQLAGKGHEAVESLQAKKLSRTQASSSPAALKPPAGRETAVNGQGELIPLKNIEGELSSAIHMTKDATKEALHATMDLTKEAVSLTKDAFSLGRDRMTSTMHKMLSLPPAKEPMAKTDEGVAAPVSGGAARLRFFSMKRTVSQQSFDGVSLDSSGPEDRISVDSDGSDSFVMLLESESGPESVPPGSLSNVSDNAGVQGSPLVNNYGQGSPAANSSVSPSGEDLIFHPVSVLVLKVNEVSFGIEVRGEDLTVALQAEELTLQQLGTVGLWQFLHGQCPGTCFQESSTLKTGHIRPAVGLRFEVGPGAAVHSPLASQNGFLHLLLHGCDLELLTSVLSGLGPFLEDEEIPVVVPMQIELLNSSITLKDDIPPIYPTSPGPIPITLAMEHVVLKRSDDGVFHIGAAAQDKPSAEVLKSEKRQPPKEQVFLVPTGEVFEQQVKELPILQKELIETKQALANANQDKEKLLQEIRKYNPFFEL
Q9HCX4	TRPC7_HUMAN	Homo sapiens (Human)	862	MLRNSTFKNMQRRHTTLREKGRRQAIRGPAYMFNEKGTSLTPEEERFLDSAEYGNIPVVRKMLEESKTLNFNCVDYMGQNALQLAVGNEHLEVTELLLKKENLARVGDALLLAISKGYVRIVEAILNHPAFAQGQRLTLSPLEQELRDDDFYAYDEDGTRFSHDITPIILAAHCQEYEIVHILLLKGARIERPHDYFCKCNECTEKQRKDSFSHSRSRMNAYKGLASAAYLSLSSEDPVLTALELSNELARLANIETEFKNDYRKLSMQCKDFVVGVLDLCRDTEEVEAILNGDVNFQVWSDHHRPSLSRIKLAIKYEVKKFVAHPNCQQQLLTMWYENLSGLRQQSIAVKFLAVFGVSIGLPFLAIAYWIAPCSKLGRTLRSPFMKFVAHAVSFTIFLGLLVVNASDRFEGVKTLPNETFTDYPKQIFRVKTTQFSWTEMLIMKWVLGMIWSECKEIWEEGPREYVLHLWNLLDFGMLSIFVASFTARFMAFLKATEAQLYVDQHVQDDTLHNVSLPPEVAYFTYARDKWWPSDPQIISEGLYAIAVVLSFSRIAYILPANESFGPLQISLGRTVKDIFKFMVIFIMVFVAFMIGMFNLYSYYRGAKYNPAFTTVEESFKTLFWSIFGLSEVISVVLKYDHKFIENIGYVLYGVYNVTMVVVLLNMLIAMINNSYQEIEEDADVEWKFARAKLWLSYFDEGRTLPAPFNLVPSPKSFYYLIMRIKMCLIKLCKSKAKSCENDLEMGMLNSKFKKTRYQAGMRNSENLTANNTLSKPTRYQKIMKRLIKRYVLKAQVDRENDEVNEGELKEIKQDISSLRYELLEEKSQATGELADLIQQLSEKFGKNLNKDHLRVNKGKDI
P10802	ODP2_AZOVI	Azotobacter vinelandii	638	MSEIIRVPDIGGDGEVIELLVKTGDLIEVEQGLVVLESAKASMEVPSPKAGVVKSVSVKLGDKLKEGDAIIELEPAAGAAAAPAEAAAVPAAPTQAVDEAEAPSPGASATPAPAAASQEVRVPDIGSAGKARVIEVLVKAGDQVQAEQSLIVLESDKASMEIPSPASGVVESVAIQLNAEVGTGDLILTLRTTGAQAQPTAPAAAAAASPAPAPLAPAAAGPQEVKVPDIGSAGKARVIEVLVKAGDQVQAEQSLIVLESDKASMEIPSPAAGVVESVAVQLNAEVGTGDQILTLRVAGAAPSGPRARGSPGQAAAAPGAAPAPAPVGAPSRNGAKVHAGPAVRQLAREFGVELAAINSTGPRGRILKEDVQAYVKAMMQKAKEAPAAGAASGAGIPPIPPVDFAKYGEIEEVPMTRLMQIGATNLHRSWLNVPHVTQFESADITELEAFRVAQKAVAEKAGVKLTVLPLLLKACAYLLKELPDFNSSLAPSGQALIRKKYVHIGFAVDTPDGLLVPVIRNVDQKSLLQLAAEAAELAEKARSKKLGADAMQGACFTISSLGHIGGTAFTPIVNAPEVAILGVSKASMQPVWDGKAFQPRLMLPLSLSYDHRVINGAAAARFTKRLGDLLADIRAILL
B2ABS0	GCE1_PODAN	Podospora anserina (strain S / ATCC MYA-4624 / DSM 980 / FGSC 10383) (Pleurage anserina)	481	MVSQTVVSSLLVVLGAAGVRAQQRQSLWGQCGGSGWSGPTLCVDGAWCNPQNQWYHQCIPGSGPTTAQPQVPTTTARPTTTLVTSVVSSTTSPSGPVVTNPPVNPGTCPNTPSGLGTPVANQLNDPFTFHNGNKVTSKADWACRQREISELLQRYELGTLPPKPSSVTASFSGSTLSISVSEGGKSISFTVSINNRPSGAGPHPAIINFGTFGASLPVPAGVATINFNNDDIAQQQGGSSRGRGKFYDLYGSSHSAGALTAWAWGVSRIVDALELTQAQTGIDPTRLGVTGCSRNGKGAIVAGALEPRIALTLPQESGAGGSGCWRIATWQKNNGQNVQDSTQIVQENVWFSPNFNSYVNNVNQLPFDHHLLAGLIAPRALYVMENVDMEWLGKISTYGCMGIARKQWEALGALDNFGYSQVGGNSHCSFPSSQQGSELNAFIEKFLLKRSGGNTNIFRSTQTHSSFNLNNWSPWAVPSLN
P56276	MYLK_MELGA	Meleagris gallopavo (Wild turkey)	154	ISGMSGRKASGSSPTSPINANKVENEDAFLEEVAEEKPHVKPYFTKTILDMDVVEGSAARFDCKVEGYPDPEVMWFKDDNPVKESRHFQIDYDEEGNCSLTISEVCGDDDAKYTCKAVNSLGEATCTAELLVETMGKEGEGEGEGEEDEEEEEE
P06839	RAD3_YEAST	Saccharomyces cerevisiae (strain ATCC 204508 / S288c) (Baker's yeast)	778	MKFYIDDLPVLFPYPKIYPEQYNYMCDIKKTLDVGGNSILEMPSGTGKTVSLLSLTIAYQMHYPEHRKIIYCSRTMSEIEKALVELENLMDYRTKELGYQEDFRGLGLTSRKNLCLHPEVSKERKGTVVDEKCRRMTNGQAKRKLEEDPEANVELCEYHENLYNIEVEDYLPKGVFSFEKLLKYCEEKTLCPYFIVRRMISLCNIIIYSYHYLLDPKIAERVSNEVSKDSIVIFDEAHNIDNVCIESLSLDLTTDALRRATRGANALDERISEVRKVDSQKLQDEYEKLVQGLHSADILTDQEEPFVETPVLPQDLLTEAIPGNIRRAEHFVSFLKRLIEYLKTRMKVLHVISETPKSFLQHLKQLTFIERKPLRFCSERLSLLVRTLEVTEVEDFTALKDIATFATLISTYEEGFLLIIEPYEIENAAVPNPIMRFTCLDASIAIKPVFERFSSVIITSGTISPLDMYPRMLNFKTVLQKSYAMTLAKKSFLPMIITKGSDQVAISSRFEIRNDPSIVRNYGSMLVEFAKITPDGMVVFFPSYLYMESIVSMWQTMGILDEVWKHKLILVETPDAQETSLALETYRKACSNGRGAILLSVARGKVSEGIDFDHQYGRTVLMIGIPFQYTESRILKARLEFMRENYRIRENDFLSFDAMRHAAQCLGRVLRGKDDYGVMVLADRRFSRKRSQLPKWIAQGLSDADLNLSTDMAISNTKQFLRTMAQPTDPKDQEGVSVWSYEDLIKHQNSRKDQGGFIENENKEGEQDEDEDEDIEMQ
Q9LXF3	CASP5_ARATH	Arabidopsis thaliana (Mouse-ear cress)	187	MKSGQAEIMETSKGIQKSGLMSRRIAILEFILRIVAFFNTIGSAILMGTTHETLPFFTQFIRFQAEYNDLPALTFFVVANAVVSGYLILSLTLAFVHIVKRKTQNTRILLIILDVAMLGLLTSGASSAAAIVYLAHNGNNKTNWFAICQQFNSFCERISGSLIGSFIAIVLLILLILLSAIALSRRH
K7N5M6	HBB1_ELEMC	Eleginops maclovinus (Patagonian blennie) (Eleginus maclovinus)	146	VEWTDQERATISSIFGSLDYDDIGPKALSRCLIVYPWTQRHFGSFGNLYNAEAIIGNQKVAAHGIKVLHGLDRAVKNMDNIKEIYAELSILHSEKLHVDPDNFKLLADCLTIVVAAKMGSGFNPGTQATFQKFLAVVVSALGKQYH
Q3S8Q4	OXYL_STRRM	Streptomyces rimosus	557	MPPEADGPQVLIAGAGPVGLTLAHELTRRRVRVRVIDRADGPATTSRALAVHPRTLEACHQMGLADALVARGRPVVHFTVHLRGRQLIRFDTNYGRLPTAYPFSLMLDQVRTEEILRERLAGLGVGIEWGVELADCAPCGDRVNAELRRDGRSEQVTVPWLVGADGSRSTVRERLGLRLVGDATQTWLNADVVLDADLSRDSNHLVHTGSGTVLLVPFPDPGKWRAVDTGYAGQGADPETVRRRLAGSLARGLGRPVAVSEPTWVSVFRVQQRMITAMRSGRCFVAGDAAHVHSPASGQGMNTGMQDAYNLAWKLADVVRGHAREELLDTYAAERIPVGGRLLSSTRTATALVALRNAVAPVAMPVGLSFLKAVRPLKRRVEHRIMAGMSGLALHYADSPLTYGTGDGAAGVHPGHLVACTEQDVARHPGLRALRQALTDPRWLLLLFADDGGAAELALRYGRAVQIRTVIPHEDEDGPALADPDDALRQTLGVPPGGWALIRPDGYLAAKGQRSGTTTLTARLQALHLLPEDTAPGAGDSAGRPAPDGTRRGVTTE
P0A321	AZUR_BORBR	Bordetella bronchiseptica (strain ATCC BAA-588 / NCTC 13252 / RB50) (Alcaligenes bronchisepticus)	150	MFKQVLGGMALMAAFSAPVLAAECSVDIAGTDQMQFDKKAIEVSKSCKQFTVNLKHTGKLPRNVMGHNWVLTKTADMQAVEKDGIAAGLDNQYLKAGDTRVLAHTKVLGGGESDSVTFDVAKLAAGDDYTFFCSFPGHGALMKGTLKLVD
Q62233	SIX3_MOUSE	Mus musculus (Mouse)	333	MVFRSPLDLYSSHFLLPNFADSHHCSLLLASSGGGSGASGGGGGAGGGGGGNRAGGGGAGGAGGGSGGGGSRAPPEELSMFQLPTLNFSPEQVASVCETLEETGDIERLGRFLWSLPVAPGACEAINKHESILRARAVVAFHTGNFRDLYHILENHKFTKESHGKLQAMWLEAHYQEAEKLRGRPLGPVDKYRVRKKFPLPRTIWDGEQKTHCFKERTRSLLREWYLQDPYPNPSKKRELAQATGLTPTQVGNWFKNRRQRDRAAAAKNRLQHQAIGPSGMRSLAEPGCPTHGSAESPSTAASPTTSVSSLTERADTGTSILSVTSSDSECDV
O88867	KMO_RAT	Rattus norvegicus (Rat)	478	MASSDTEGKRVVVIGGGLVGALNACFLAKRNFQVDVYEAREDIRVANFMRGRSINLALSYRGRQALKAVGLEDQIVSKGVPMKARMIHSLSGKKSAIPYGNKSQYILSISREKLNKDLLTAVESYPNAKVHFGHKLSKCCPEEGILTMLGPNKVPRDITCDLIVGCDGAYSTVRAHLMKKPRFDYSQQYIPHGYMELTIPPKNGEYAMEPNCLHIWPRNAFMMIALPNMDKSFTCTLFMSFEEFEKLPTHSDVLDFFQKNFPDAIPLMGEQALMRDFFLLPAQPMISVKCSPFHLKSRCVLMGDAAHAIVPFFGQGMNAGFEDCLVFDELMDKFNNDLSVCLPEFSRFRIPDDHAISDLSMYNYIEMRAHVNSRWFLFQRLLDKFLHALMPSTFIPLYTMVAFTRIRYHEAVLRWHWQKKVINRGLFVLGSLVAIGSAYILVHHLSPRPLELLRSAWTGTSGHWNRSADISPRVPWSH
P52737	ZN136_HUMAN	Homo sapiens (Human)	540	MDSVAFEDVDVNFTQEEWALLDPSQKNLYRDVMWETMRNLASIGKKWKDQNIKDHYKHRGRNLRSHMLERLYQTKDGSQRGGIFSQFANQNLSKKIPGVKLCESIVYGEVSMGQSSLNRHIKDHSGHEPKEYQEYGEKPDTRNQCWKPFSSHHSFRTHEIIHTGEKLYDCKECGKTFFSLKRIRRHIITHSGYTPYKCKVCGKAFDYPSRFRTHERSHTGEKPYECQECGKAFTCITSVRRHMIKHTGDGPYKCKVCGKPFHSLSSFQVHERIHTGEKPFKCKQCGKAFSCSPTLRIHERTHTGEKPYECKQCGKAFSYLPSLRLHERIHTGEKPFVCKQCGKAFRSASTFQIHERTHTGEKPYECKECGEAFSCIPSMRRHMIKHTGEGPYKCKVCGKPFHSLSPFRIHERTHTGEKPYVCKHCGKAFVSSTSIRIHERTHTGEKPYECKQCGKAFSYLNSFRTHEMIHTGEKPFECKRCGKAFRSSSSFRLHERTHTGQKPYHCKECGKAYSCRASFQRHMLTHAEDGPPYKCMWESL
Q9VW97	LSDA_DROME	Drosophila melanogaster (Fruit fly)	890	MKPTQFGGSSSKMTEPIEYVTLISDDSDGEPTPKRNVNHPPSALSAPNPGQKQKHPDEDSNDAPATSDERRTSRRNRPKVDYSNRPSGSGDTASNDKSGSASMGPNNQQAERRSQSQTRKSEANATSSSVSGPSAGNSRPSQNGDSKDRDAGTPTVLSGQEGAVFQSRLPFNKMTPNEEACFPDISRSGILGHRVFLNIRNSLLHMWVDNPKIQLSFEIALKNLPPPFDSEPSLVRRVHSFLERHGFINFGIFKRLKPIPAKKLGKVIVIGAGISGLAVAHQLQQFGMDVIVLEARDRVGGRISTFRKNSYIADVGAMVVTGVYGNPMTILSKQIGMDLVPIQQTCPLYGPDGKPVPKEKDDVIEREFNRLLESASYLSHRLDFNYAGDCPVSLGDALEWIISMQEMQVMHKRGQHMQEIIATQTKIIEQRRRLKTLRDTIGKLKNEHLAMINQRKPKGTDGDLKYCYQEFNIRNTQIKMEETISTFHDLHAEEKQMLAKLHELEQNRPSDVYLSSRDRLILDWHFANLEFANATRLNNLSLKHWDQDDDFEFIGHHTTVRNGYSCVPVALTENLDIRVNSAVKEIKYGTKGVEVVAENLKTSNSQMTYKADLVVCTLTLGVLKVAVAHKESQQSNTVKFDPPLPDWKQQAIKRLGFGNLNKVVLCFDRIFWDPNANLFGHVGSTTASRGEMFLFWSISSSPVLLALVAGMAANLVESVTDDIIIGRCMSVLKNIFGNTSVPQPKETVVTRWRSDPWARGSYSYVSVGSSGSDYDLLAAPVIPPSSKDAEGLPRLFFAGEHTIRNYPATVHGAYLSGLREAGRIADYYLGYPEGTPPDIGYSVAEAANLVSVGNVVKLRDLSPNLSDSSPSSKKSEENSNSNTADSTELQ
Q56317	PORB_THEMA	Thermotoga maritima (strain ATCC 43589 / DSM 3109 / JCM 10099 / NBRC 100826 / MSB8)	324	MPVNIKQLAQEFDKKEIGITQGHRLCPGCGAPITVKFVMMIARHLGYEPVVGLATGCLEVSTSIYPYTAWSVPYIHNAFENVAATMSGVETAYKALKNKGKIPEDKKYAFIAFGGDGGTYDIGLQSLSGMLERGHKVLYVLYDNEGYMNTGNQRSGSTPPGSDTTTAPVGKKLPGKVQLKKNIVEIVAAHENVYAATASLSEPMDFFAKVEKALNFDGPSFLAVFSPCVRFWRVNDDKTVEISKLAVETKYWPLYEVERGVYRVTRKPRQFKPVEEFLKAQGRFRKLLSRPDAKEIVDELQEYVDRRWERLLTLEEVTKDKPIR
O51456	RL17_BORBU	Borreliella burgdorferi (strain ATCC 35210 / DSM 4680 / CIP 102532 / B31) (Borrelia burgdorferi)	123	MKTKLGFNRLSRKSSHRRALLKNMVISFFKHEKISSTKTKLFEVKRFAERLITRAKVDTVHNRRELSKFIHDKHILNKLFTKISPVFRQRSGGYTRMIKLGKRYGDAAEMAILELVEKPLKVE
O95922	TTLL1_HUMAN	Homo sapiens (Human)	423	MAGKVKWVTDIEKSVLINNFEKRGWVQVTENEDWNFYWMSVQTIRNVFSVEAGYRLSDDQIVNHFPNHYELTRKDLMVKNIKRYRKELEKEGSPLAEKDENGKYLYLDFVPVTYMLPADYNLFVEEFRKSPSSTWIMKPCGKAQGKGIFLINKLSQIKKWSRDSKTSSFVSQSNKEAYVISLYINNPLLIGGRKFDLRLYVLVSTYRPLRCYMYKLGFCRFCTVKYTPSTSELDNMFVHLTNVAIQKHGEDYNHIHGGKWTVSNLRLYLESTRGKEVTSKLFDEIHWIIVQSLKAVAPVMNNDKHCFECYGYDIIIDDKLKPWLIEVNASPSLTSSTANDRILKYNLINDTLNIAVPNGEIPDCKWNKSPPKEVLGNYEILYDEELAQGDGADRELRSRQGQSLGPRAGRSRDSGRAVLTTWK
Q61107	GBP3_MOUSE	Mus musculus (Mouse)	620	MEAPICLVENWKNQLTVNLEAIRILEQIAQPLVVVAIVGLYRTGKSYLMNRLAGRNHGFSLGSTVQSETKGIWMWCVPHPTKPTHTLVLLDTEGLGDVEKGDPKNDSWIFALAVLLSSTFVYNSMSTINQQALEQLHFVTELTQLIRAKSSPREDKVKDSSEFVGFFPDFIWAVRDFALELKLNGRPITEDEYLENALKLIQGDNLKVQQSNMTRECIRYFFPVRKCFVFDRPTSDKRLLLQIENVPENQLERNFQVESEKFCSYIFTNGKTKTLRGGVIVTGNRLGTLVQTYVNAINSGTVPCLENAVTTLAQRENSIAVQKAADHYSEQMAQRMRLPTDTLQELLTVHAACEKEAIAVFMEHSFKDDEQEFQKKLVVTIEERKEEFIRQNEAASIRHCQAELERLSESLRKSISCGAFSVPGGHSLYLEARKKIELGYQQVLRKGVKAKEVLKSFLQSQAIMEDSILQSDKALTDGERAIAAERTKKEVAEKELELLRQRQKEQEQVMEAQERSFRENIAKLQEKMESEKEMLLREQEKMLEHKLKVQEELLIEGFREKSDMLKNEISHLREEMERTRRKPSLFGQILDTIGNAFIMILPGAGKLFGVGLKFLGSLSS
P37167	ACTP_ACACA	Acanthamoeba castellanii (Amoeba)	138	MSGIAVSDDCVQKFNELKLGHQHRYVTFKMNASNTEVVVEHVGGPNATYEDFKSQLPERDCRYAIFDYEFQVDGGQRNKITFILWAPDSAPIKSKMMYTSTKDSIKKKLVGIQVEVQATDAAEISEDAVSERAKKDVK
F4KCE9	KNL2_ARATH	Arabidopsis thaliana (Mouse-ear cress)	598	MTEPNLDEDGSKSSFQKTVVLRDWWLIKCPKEFEGKQFGVAGFEESVETRAMRVFTSSPITKALDVFTLLASDGIYITLRGFLNKERVLKNGFNPEISREFIFGFPPCWERVCNSCFEGDSFGTDVNTVPSTIEKACPPILSPCKYSNRNLKDNPAESREKSNVTETDIAEINDKGGSGARDIKTARRRSLHLQIKRILESSKVRKTANDGDHGSEFLNTAKRGDVERDGCEVINNEDSEWKLDESEVQNLCNDGDNGSEGFIKAKSSDVEKDKSEAIDNDVISPAVGSGIKHTGADNVDKVTSASATGESLTSEQQNGLLVTTASPHSLLKDLAKSSKPEKKGISKKSGKILRSDDNVVDPMNYSGTKVKSAENKRKIDASKLQSPTSNVAEHSKEGLNNAKSNDVEKDVCVAINNEVISPVKGFGKRLSGTDVERLTSKNATKESLTSVQRKGRVKVSKAFQDPLSKGKSKKSEKTLQSNSNVVEPMNHFRSEAEEAEENLSWEKIKRKIDFDVEVTPEKKVKQQKTNAASTDSLGQKRSRSGRVLVSSLEFWRNQIPVYDMDRNLIQVKDGSETNSAPSKGKGSDSRKRRNLKIK
D2Y253	H16A1_CYRHA	Cyriopagopus hainanus (Chinese bird spider) (Haplopelma hainanum)	113	MNTVRVTFLLVFVLAVSLGQADKDENRMEMQEKTEQGKSYLDFAENLLLQKLEELEAKLLEEDSEESRNSRQKRCIGEGVPCDENDPRCCSGLVCLKPTLHGIWYKSYYCYKK
P08375	SRX1A_SARPE	Sarcophaga peregrina (Flesh fly) (Boettcherisca peregrina)	63	MNFQNIFIFVALILAVFAGQSQAGWLKKIGKKIERVGQHTRDATIQGLGIAQQAANVAATARG
P39552	MST28_YEAST	Saccharomyces cerevisiae (strain ATCC 204508 / S288c) (Baker's yeast)	234	MQTPPESTDVKLDTLNEPSAHLIEKNVALPKDIFRSYLSYWIYEIARYTPVMILSLVIGVLVLLIIFFNDNEACVFNSAIFAFTSLVGLLIILSDGNPKLVSRRNFRTELLVDVITRKPAVEGKEWRIITYNMNQYLFNHGQWHTPYYFYSDEDCYRYFLRLVEGVTPKKQTATSIGNSPVTAKPEDAIESASPSSRLNYQNFLLKAAEIERQAQENYWRRRHPNIDALLKKTE
Q9U7D5	ACM3_CAEEL	Caenorhabditis elegans	611	MQSSSLGNADDPRFRQTHLFQMLVKVINTSAENATKTAIATSSTSTPSFVDTYSTSSLLGEEGRMVMIVVIGAMFALVTSLGNLMVMVSFKIDKQLQTISNYFLFSLAVADIAIGVISIPMFTYYTAIQKWDLGYTMCQFWLCIDYLMSNASVLNLLLISFDRYFSVTRPLSYRPRRTTKKALTMIACTYIISLILWPPWIISWPYIEGKFTAEPGTCVVQFLQTNPYVTVGTAVAAFYLPVTIMCILYTRVYWETQKRQKEFGKLQATQTWASDVVDRPSTQSFRNSKMWKKVKKFSRRSMKRDVSSTSIIKSSGSMRKKNNQDGYVEDSVTPCTSSRNSKRKSWLRNCTGKSNSSSEDSSEAVAMNLDDTSLSSSHFALSGSRRRNISPPCTPMPTNFEDEEQTDAGASMRNGSARFRSRPSDTGKNNNSDTYTVLIELNDEGSRPSVRLSSCEPYLDEPISTRNRSKSDCNSEIDERRHSLLNKQSPFKNGRILKNFSSQERKSEKEQRKNERKQESKAAKTLSAILCAFIATWTPYNLIVCWEAFFPNTVPNVLWTFSYFLCYINSTINPLCYALCNARFRHTYMRILRCKFKAERPTMNQGYVRRN
O15537	XLRS1_HUMAN	Homo sapiens (Human)	224	MSRKIEGFLLLLLFGYEATLGLSSTEDEGEDPWYQKACKCDCQGGPNALWSAGATSLDCIPECPYHKPLGFESGEVTPDQITCSNPEQYVGWYSSWTANKARLNSQGFGCAWLSKFQDSSQWLQIDLKEIKVISGILTQGRCDIDEWMTKYSVQYRTDERLNWIYYKDQTGNNRVFYGNSDRTSTVQNLLRPPIISRFIRLIPLGWHVRIAIRMELLECVSKCA
P0A9I5	NAPD_ECOLI	Escherichia coli (strain K12)	87	MHTNWQVCSLVVQAKSERISDISTQLNAFPGCEVAVSDAPSGQLIVVVEAEDSETLIQTIESVRNVEGVLAVSLVYHQQEEQGEETP
Q8Y6I2	FOSX_LISMO	Listeria monocytogenes serovar 1/2a (strain ATCC BAA-679 / EGD-e)	133	MISGLSHITLIVKDLNKTTTFLREIFNAEEIYSSGDQTFSLSKEKFFLIAGLWICIMEGDSLQEQTYNHIAFRIQSEEVDEYIERIKSLGVEIKPERPRVEGEGRSIYFYDFDNHLFELHAGTLEERLKRYHE
Q4J6M5	CUTC_SULAC	Sulfolobus acidocaldarius (strain ATCC 33909 / DSM 639 / JCM 8929 / NBRC 15157 / NCIMB 11770)	163	MLVVKKGEGVKVRVRVNGVWYEKYVSPRTLLVDFIRDELGLTGTKVGCDTTTCGACTVIMNGKSVKSCTVLAAQADGAEITTIEGLSSDSKLHPIQEAFKDNFALQCGFCTAGMIMQTYFFLKEHPNPTEEEVRDGIHGNICRCTGYQNIVKAVLDASKRLRS
P08121	CO3A1_MOUSE	Mus musculus (Mouse)	1464	MMSFVQSGTWFLLTLLHPTLILAQQSNVDELGCSHLGQSYESRDVWKPEPCQICVCDSGSVLCDDIICDEEPLDCPNPEIPFGECCAICPQPSTPAPVLPDGHGPQGPKGDPGPPGIPGRNGDPGLPGQPGLPGPPGSPGICESCPTGGQNYSPQFDSYDVKSGVGGMGGYPGPAGPPGPPGPPGSSGHPGSPGSPGYQGPPGEPGQAGPAGPPGPPGALGPAGPAGKDGESGRPGRPGERGLPGPPGIKGPAGMPGFPGMKGHRGFDGRNGEKGETGAPGLKGENGLPGDNGAPGPMGPRGAPGERGRPGLPGAAGARGNDGARGSDGQPGPPGPPGTAGFPGSPGAKGEVGPAGSPGSNGSPGQRGEPGPQGHAGAQGPPGPPGNNGSPGGKGEMGPAGIPGAPGLIGARGPPGPAGTNGIPGTRGPSGEPGKNGAKGEPGARGERGEAGSPGIPGPKGEDGKDGSPGEPGANGLPGAAGERGPSGFRGPAGPNGIPGEKGPPGERGGPGPAGPRGVAGEPGRDGTPGGPGIRGMPGSPGGPGNDGKPGPPGSQGESGRPGPPGPSGPRGQPGVMGFPGPKGNDGAPGKNGERGGPGGPGLPGPAGKNGETGPQGPPGPTGPAGDKGDSGPPGPQGLQGIPGTGGPPGENGKPGEPGPKGEVGAPGAPGGKGDSGAPGERGPPGTAGIPGARGGAGPPGPEGGKGPAGPPGPPGASGSPGLQGMPGERGGPGSPGPKGEKGEPGGAGADGVPGKDGPRGPAGPIGPPGPAGQPGDKGEGGSPGLPGIAGPRGGPGERGEHGPPGPAGFPGAPGQNGEPGAKGERGAPGEKGEGGPPGPAGPTGSSGPAGPPGPQGVKGERGSPGGPGTAGFPGGRGLPGPPGNNGNPGPPGPSGAPGKDGPPGPAGNSGSPGNPGIAGPKGDAGQPGEKGPPGAQGPPGSPGPLGIAGLTGARGLAGPPGMPGPRGSPGPQGIKGESGKPGASGHNGERGPPGPQGLPGQPGTAGEPGRDGNPGSDGQPGRDGSPGGKGDRGENGSPGAPGAPGHPGPPGPVGPSGKSGDRGETGPAGPSGAPGPAGARGAPGPQGPRGDKGETGERGSNGIKGHRGFPGNPGPPGSPGAAGHQGAIGSPGPAGPRGPVGPHGPPGKDGTSGHPGPIGPPGPRGNRGERGSEGSPGHPGQPGPPGPPGAPGPCCGGGAAAIAGVGGEKSGGFSPYYGDDPMDFKINTEEIMSSLKSVNGQIESLISPDGSRKNPARNCRDLKFCHPELKSGEYWVDPNQGCKMDAIKVFCNMETGETCINASPMTVPRKHWWTDSGAEKKHVWFGESMNGGFQFSYGPPDLPEDVVDVQLAFLRLLSSRASQNITYHCKNSIAYMDQASGNVKKSLKLMGSNEGEFKAEGNSKFTYTVLEDGCTKHTGEWSKTVFEYQTRKAMRLPIIDIAPYDIGGPDQEFGVDIGPVCFL
P50137	TKT_RAT	Rattus norvegicus (Rat)	623	MEGYHKPDQQKLQALKDTANRLRISSIQATTAAGSGHPTSCCSAAEIMAVLFFHTMRYKALDPRNPHNDRFVLSKGHAAPILYAVWAEAGFLPEAELLNLRKISSDLDGHPVPKQAFTDVATGSLGQGLGAACGMAYTGKYFDKASYRVYCMLGDGEVSEGSVWEAMAFAGIYKLDNLVAIFDINRLGQSDPAPLQHQVDVYQKRCEAFGWHAIIVDGHSVEELCKAFGQAKHQPTAIIAKTFKGRGITGIEDKEAWHGKPLPKNMAEQIIQEIYSQVQSKKKILATPPQEDAPSVDIANIRMPTPPNYKVGDKIATRKAYGLALAKLGHASDRIIALDGDTKNSTFSELFKKEHPDRFIECYIAEQNMVSIAVGCATRDRTVPFCSTFAAFFTRAFDQIRMAAISESNINLCGSHCGVSIGEDGPSQMALEDLAMFRSVPMSTVFYPSDGVATEKAVELAANTKGICFIRTSRPENAIIYSNNEDFQVGQAKVVLKSKDDQVTVIGAGVTLHEALAAAEMLKKEKIGVRVLDPFTIKPLDKKLILDCARATKGRILTVEDHYYEGGIGEAVSAVVVGEPGVTVTRLAVSQVPRSGKPAELLKMFGIDKDAIVQAVKGLVTKG
Q9P241	AT10D_HUMAN	Homo sapiens (Human)	1426	MTEALQWARYHWRRLIRGATRDDDSGPYNYSSLLACGRKSSQTPKLSGRHRIVVPHIQPFKDEYEKFSGAYVNNRIRTTKYTLLNFVPRNLFEQFHRAANLYFLFLVVLNWVPLVEAFQKEITMLPLVVVLTIIAIKDGLEDYRKYKIDKQINNLITKVYSRKEKKYIDRCWKDVTVGDFIRLSCNEVIPADMVLLFSTDPDGICHIETSGLDGESNLKQRQVVRGYAEQDSEVDPEKFSSRIECESPNNDLSRFRGFLEHSNKERVGLSKENLLLRGCTIRNTEAVVGIVVYAGHETKAMLNNSGPRYKRSKLERRANTDVLWCVMLLVIMCLTGAVGHGIWLSRYEKMHFFNVPEPDGHIISPLLAGFYMFWTMIILLQVLIPISLYVSIEIVKLGQIYFIQSDVDFYNEKMDSIVQCRALNIAEDLGQIQYLFSDKTGTLTENKMVFRRCSVAGFDYCHEENARRLESYQEAVSEDEDFIDTVSGSLSNMAKPRAPSCRTVHNGPLGNKPSNHLAGSSFTLGSGEGASEVPHSRQAAFSSPIETDVVPDTRLLDKFSQITPRLFMPLDETIQNPPMETLYIIDFFIALAICNTVVVSAPNQPRQKIRHPSLGGLPIKSLEEIKSLFQRWSVRRSSSPSLNSGKEPSSGVPNAFVSRLPLFSRMKPASPVEEEVSQVCESPQCSSSSACCTETEKQHGDAGLLNGKAESLPGQPLACNLCYEAESPDEAALVYAARAYQCTLRSRTPEQVMVDFAALGPLTFQLLHILPFDSVRKRMSVVVRHPLSNQVVVYTKGADSVIMELLSVASPDGASLEKQQMIVREKTQKHLDDYAKQGLRTLCIAKKVMSDTEYAEWLRNHFLAETSIDNREELLLESAMRLENKLTLLGATGIEDRLQEGVPESIEALHKAGIKIWMLTGDKQETAVNIAYACKLLEPDDKLFILNTQSKDACGMLMSTILKELQKKTQALPEQVSLSEDLLQPPVPRDSGLRAGLIITGKTLEFALQESLQKQFLELTSWCQAVVCCRATPLQKSEVVKLVRSHLQVMTLAIGDGANDVSMIQVADIGIGVSGQEGMQAVMASDFAVSQFKHLSKLLLVHGHWCYTRLSNMILYFFYKNVAYVNLLFWYQFFCGFSGTSMTDYWVLIFFNLLFTSAPPVIYGVLEKDVSAETLMQLPELYRSGQKSEAYLPHTFWITLLDAFYQSLVCFFVPYFTYQGSDTDIFAFGNPLNTAALFIVLLHLVIESKSLTWIHLLVIIGSILSYFLFAIVFGAMCVTCNPPSNPYWIMQEHMLDPVFYLVCILTTSIALLPRFVYRVLQGSLFPSPILRAKHFDRLTPEERTKALKKWRGAGKMNQVTSKYANQSAGKSGRRPMPGPSAVFAMKSASSCAIEQGNLSLCETALDQGYSETKAFEMAGPSKGKES
Q9JK88	SPI2_MOUSE	Mus musculus (Mouse)	405	MNKTILWSFLLFFSGSQTSRATDQKIADFAVDLYKAISLSHKNNIIFSPLGTTMLLGMVQLGAKGKAQQQILKTLRMRGTPAGEEFSVLKSLFSAISKKKQEFTFNLASALYLQEGFIVKETYLHSNKEFFQSATKLVDFLDAKTSAQAISTWVESKTDGKIKNMFSEEEFGPLTRLVLVNAIYFKGDWKQKFRKEDTEMTDFTKKDGSTVKVPMMKALLRAQYGYFSQSSMTCQVLELPYKADEFSLVIILPTEDTSIEEVENQVTAPHVRRWFSELHEEEVEVSLPRFKIEQKLDLKEALYSLNVTEIFSGGCDLSGITDSSEVYVSRVMQKVFFEINEDGSEAAASTGINIPAIMSLTQTQFLANHPFLFILKHIRTESILFMGKVTDPDIQTTKGRDLDSL
P9WQN4	ARC_MYCTO	Mycobacterium tuberculosis (strain CDC 1551 / Oshkosh)	609	MGESERSEAFGIPRDSPLSSGDAAELEQLRREAAVLREQLENAVGSHAPTRSARDIHQLEARIDSLAARNSKLMETLKEARQQLLALREEVDRLGQPPSGYGVLLATHDDDTVDVFTSGRKMRLTCSPNIDAASLKKGQTVRLNEALTVVEAGTFEAVGEISTLREILADGHRALVVGHADEERVVWLADPLIAEDLPDGLPEALNDDTRPRKLRPGDSLLVDTKAGYAFERIPKAEVEDLVLEEVPDVSYADIGGLSRQIEQIRDAVELPFLHKELYREYSLRPPKGVLLYGPPGCGKTLIAKAVANSLAKKMAEVRGDDAHEAKSYFLNIKGPELLNKFVGETERHIRLIFQRAREKASEGTPVIVFFDEMDSIFRTRGTGVSSDVETTVVPQLLSEIDGVEGLENVIVIGASNREDMIDPAILRPGRLDVKIKIERPDAEAAQDIYSKYLTEFLPVHADDLAEFDGDRSACIKAMIEKVVDRMYAEIDDNRFLEVTYANGDKEVMYFKDFNSGAMIQNVVDRAKKNAIKSVLETGQPGLRIQHLLDSIVDEFAENEDLPNTTNPDDWARISGKKGERIVYIRTLVTGKSSSASRAIDTESNLGQYL
P01954	HBA_ELEMA	Elephas maximus (Indian elephant)	141	VLSDKDKTNVKATWSKVGDHASDYVAEALERMFFSFPTTKTYFPHFDLSHGSGQVKGHGKKVGEALTQAVGHLDDLPSALSALSDLHAHKLRVDPVNFKLLSHCLLVTLSSHQPTEFTPEVHASLDKFLSNVSTVLTSKYR
P42974	DHNA_BACSU	Bacillus subtilis (strain 168)	509	MVLDANIKAQLNQYMQLIENDIVLKVSAGEDDTSKDMLALVDELASMSSKISVEKAELNRTPSFSVNRVGEDTGVTFAGIPLGHEFTSLVLALLQVSGRPPKVDQKVIDQVKKISGEYHFESYISLTCHNCPDVVQALNMMSVLNPNITHTMIDGAAYKAEVESKNIMAVPTVYLNGESFGSGRMTLEEILAKMGSGTDASEFADKEPFDVLVVGGGPAGASAAIYTARKGIRTGVVAERFGGQVLDTMSIENFISVKATEGPKLAASLEEHVKEYDIDVMNLQRAKRLEKKDLFELELENGAVLKSKTVILSTGARWRNVNVPGEQEFKNKGVAYCPHCDGPLFEGKDVAVIGGGNSGIEAAIDLAGIVNHVTVLEFAPELKADEVLQKRLYSLPNVTVVKNAQTKEITGDQSVNGITYVDRETGEEKHVELQGVFVQIGLVPNTEWLEGTVERNRMGEIIVDKHGATSVPGLFAAGDCTDSAYNQIIISMGSGATAALGAFDYLIRN
Q6P6T4	EMAL2_RAT	Rattus norvegicus (Rat)	649	MSSFGTGKTKEVIFSMEEGSVKMFLRGRPVPMLIPDELAPTYSLDTRSELPSSRLKLDWVYGYRGRDCRANLYLLPTGEVVYFVASVAVLYSVEEQRQRHYLGHNDDIKCLAVHPDMVTIATGQVAGTTKEGKPLPPHVRVWDSVSLSTLHVLGLGVFDRAVCCVAFSKSNGGNLLCAVDESNDHVLSVWDWAKESKVVDSKCSNEAVLVATFHPTDPNLLITCGKSHIYFWSLEGGNLSKRQGLFEKHEKPKYVLCVTFLEGGDVVTGDSGGNLYVWGKGGNRITQEVLGAHDGGVFALCALRDGTLVSGGGRDRRVVLWGSDYSKVQEVEVPEDFGPVRTVAEGRGDTLYVGTTRNSILLGSVHTGFSLLVQGHVEELWGLATHPSRAQFVSCGQDKLVHLWSSETHQPVWSRSIEDPARSAGFHPSGSVLAVGTVTGRWLLLDTDTRDLVAIHTDGNEQISVVSFSPDGAYLAVGSHDNLVYVYTVDQGGRKVSRLGKCSGHSSFITHLDWAQDSTCFVTNSGDYEILYWDAATCKQITSADTVRNVQWATATCVLGFGVFGIWPEGADGTDINAVARSHDGNLLVSADDFGKVHLFSYPCCQPRALSHKYGGHSSHVTNVAFLWDDSMVLTTGGKDTSVLQWRVA
P81783	3NO4_BUNCA	Bungarus candidus (Malayan krait)	87	MKTLLLTLVVVTIVCLDLGYTMKCKICNFDTCRAGELKVCASGEKYCFKESWREARGTRIERGCAATCPKGSVYGLYVLCCTTDDCN
Q22875	SHOC2_CAEEL	Caenorhabditis elegans	559	METSKEFEFRPAKETSRSKSPGGIVGRLSNFARNKARHSLSEKGSNSVGGSGGAGFDKPRKDLLKEFHKCKEAQDQRLDLSSIEITSIPSPIKELTQLTELFLYKNKLTCLPTEIGQLVNLKKLGLSENALTSLPDSLASLESLETLDLRHNKLTEVPSVIYKIGSLETLWLRYNRIVAVDEQIGNLSKLKMLDVRENKIRELPSAIGKLTSLVVCLVSYNHLTRVPEEIGDCHSLTQLDLQHNDLSELPYSIGKLVNLVRIGIRYNKIRCIPSELESCQQLEEFIVESNHLQLLPPNLLTMLPKIHTVNLSRNELTAFPAGGPQQFVSTVTINMEHNQISKIPIGIFSKATRLTKLNLKENELVSLPLDMGSWTSITELNLSTNQLKVLPEDIEKLVNLEILVLSNNQLKKLPNQIGNLNKLRELDLEENELETVPTEIGFLQHLTKLWVQSNKILTLPRSIGNLCSLQDLRLGENNLTAIPEEIGHLDSLKSLYLNDNSSLHNLPFELALCQSLEIMSIENSPLSQIPPEITAGGPSLVIQYLKMQGPYRGVVMNSQ
O07084	CZCD_BACSU	Bacillus subtilis (strain 168)	311	MGHNHNEGANKKVLLISFIMITGYMIIEAIGGFLTNSLALLSDAGHMLSDSISLMVALIAFTLAEKKANHNKTFGYKRFEILAAVINGAALILISLYIIYEAIERFSNPPKVATTGMLTISIIGLVVNLLVAWIMMSGGDTKNNLNIRGAYLHVISDMLGSVGAILAAILIIFFGWGWADPLASIIVAILVLRSGYNVTKDSIHILMEGTPENIDVSDIIRTIEGTEGIQNIHDLHIWSITSGLNALSCHAVVDDQLTISESENILRKIEHELEHKGITHVTIQMETEAHNHDNAILCQPKMEKQRDHHHH
A6NL88	SHSA7_HUMAN	Homo sapiens (Human)	538	MPALLLLVLLASSAGQARARPSNATSAEPAGPLPALLAHLRRLTGALTGGGGAASPGANGTRTGPAGGAGAAARAPPPAELCHGYYDVMGQYDATFNCSTGSYRFCCGTCHYRFCCEHRHMRLAQASCSNYDTPRWATTPPPLAGGAGGAGGAGGGPGPGQAGWLEGGRTGGAGGRGGEGPGGSTAYVVCGVISFALAVGVGAKVAFSKASRAPRAHRDINVPRALVDILRHQAGPGTRPDRARSSSLTPGIGGPDSMPPRTPKNLYNTVKTPNLDWRALPPPSPSLHYSTLSCSRSFHNLSHLPPSYEAAVKSELNRYSSLKRLAEKDLDEAYLKRRPLELPRGTLPLHALRRPGTGGGYRMEAWGGPEELGLAPAPNPRRVMSQEHLLGDGGRSRYEFTLPRARLVSQEHLLLSSPEALRQSREHLLSPPRSPALPPDPTARASLAASHSNLLLGPGGPPTPLRGLPPPSSLHAHHHHALHGSPQPAWMSDAGGGGGTLARRPPFQRQGTLEQLQFIPGHHLPQHLRTASKNEVTV
P0DTF4	CAP6_PSEAI	Pseudomonas aeruginosa	304	MTKNPSSDATLPKGIHRSWKLPDKSLGDLWDSIVMDEAIKKQLLSQAIVNFTVRPKVERTVLPLHGVILLVGPPGTGKTSLARGLAHRVAESFSSAKFRLLEVEPHTLTSSAMGKTQRAVADLFSQSIAESAAAGPTIVLLDEVETLAADRAKLSLEANPVDVHRATDAVLVQLDMLAERNPHLLFVATSNFPQAVDSAFLSRCDMVMEVPLPGKDACKQILVDCLNGLAKTFPGIGKLSSAHQFDVCAGECVGLDGRAIRKVVANALAADPQVAIDPNKLSVEHLRSAIRQAKQMRLQGGKQK
Q63010	EST5_RAT	Rattus norvegicus (Rat)	561	MCLRSLFLVSLATCVVCGNPSSPPVVDTMKGKVLGKYASLEGVTQSVAVFLGVPFAKPPLGSLRFAPPQPAEPWSFVKNTTTYPPMCSQDATKGQRMNDLLTNRKEKVHLQFSEDCLYLNIYTPADFTKDSRMPVMVWIHGGGLTQGGASTYDGQVLSAYENVVVVAIQYRLGIWGFFSTGDEHSRGNWGHLDQVAALHWVQDNIANFGGDPGSVTIFGESAGGFSVSVLVLSPLSKNLYHRAISESGVVLITELFTKDVRPAAKQIADMAGCKTTTSAIIVHCLRQKTEEELLEIMEKMNLIKLSSQRDTKESYHFLSTVIDDVVLPKDPKEILAEKNFNTVPYIVGINKQECGWLLPTMMRFVPPDVKLDKKMAIMLLEKFASIYGIPEDIIPVAIEKYRKGSDDPIKIRDGILAFIGDVLFCIPSVMVSRDHRDAGAPTYVYEYQYYPSFSSPQRPKDVVGDHADDVYSVFGAPILRDGASEEEIKLSKMVMKFWANFARNGNPNARGLPHWPQYDQKEEYLQIGATTQQSQRLKAEEVAFWTQLLAKRQPQPHHNEL
O14187	SPP42_SCHPO	Schizosaccharomyces pombe (strain 972 / ATCC 24843) (Fission yeast)	2363	MASLPPGNPPPPPPPPGFEPPSQPPPPPPPGYVKKRKNKTPAQSGNLEKQLNERARKWRASQKSKFGVKRKQGYVQTEKADLPPEHLRKIMKDRGDMSSRKFRADKRSYLGALKYLPHAVLKLLENMPMPWEEYREVKVLYHVTGAITFVNESPRVIEPHFIAQWGTMWMMMRREKRDRKNFKRLRFPPFDDEEPPFSIDQLLDLEPLEAIRMDLDEEDDAPVMDWFYENKALEDTPHVNGPTYRRWKLNLPQMANLHRLGYQLLSDLRDDNYFYLFNDNSFFTAKALNVAIPGGPKFEPLYKDEAPEMEDWNEFNDIYKLIIRHPIKTEYRIAFPYLYNSRARSVALSEYHQPSNVFVPPEDPDLPAFFWDPIINPITSRQLTLHELDTSPEDSAIEEDPNFEIPFDPFFHSEDIEFEHTASALILLWAPHPFNKRSGATKRAQDVPLIKHWYLEHCPPNQPVKVRVSYQKLLKSHVMNKLHMAHPKSHTNRSLLRQLKNTKFFQSTSIDWVEAGLQVCRQGYNMLQLLIHRKGLTYLHLDYNCNLKPTKTLTTKERKKSRFGNAFHLMREILRLTKLIVDSHVQYRLGNIDAYQLADGLHYIFNHVGQLTGMYRYKYRLMRQIRACKDFKHLIYYRFNTGPVGKGPGCGFWAPSWRVWLFFLRGIVPLLERWLGNLLARQFEGRHSTGVAKQITKQRVDSHQDLELRAAVMNDILDMIPEGIRQGKSKTILQHLSEAWRCWKANIPWKVPGLPAPIENMILRYVKSKADWWTSVAHFNRERIRRGATVDKTVAKKNLGRLTRLWLKAEQERQHNYLKDGPYVTADEAVAIYTTFVHWLESRRFQPIPFPPLSYKHDTKLLVLALERLKEAYSVKGRLNQSQREELALVEQAYDNPHEMLSQIKRRLLTMRTFKEVGIEFMDMYSHLIPVYSVDPMEKICDAYLDQYLWFEADRRHLFPSWVKPSDSEPPPLLVYKWCQGINNLTDVWETSNGECNVLMETRLSKVFEKVDLTLLNRLMSLLMDTNLASYASAKNNVVLSYKDMSHTNSYGLVRGLQFSSFIWQFYGLVLDLLILGLQRATEIAGPADAPNDFLHFKDQATETSHPIRLYTRYIDKVYIMFRFTDEESRDLIQRFLNENPDPTNSNVVNYSKGKKNCWPRDARMRLMKHDVNLGRAVFWEIRNRLPRSLTTLEWEDTFPSVYSKDNPNLLFSMTGFEVRILPKIRQNEEFSLKDGVWNLTDNRTKQRTAQAFIRVTEDGINQFGNRIRQILMSSGSTTFTKIANKWNTALIALMTYYREAAISTPELLDLLVKCESKIQTRVKISLNSKMPSRFPPAVFYSPKELGGLGMLSMGHVLIPQSDLRWSKQTDTGITHFRSGMTTNGEHLIPNLYRYIQPWESEFIDSQRVWAEYAMKRQEALQQNRRLTLEDLEDSWDRGIPRINTLFQKDRHTLAYDKGWRVRTEFKQYQLLKNNPFWWTSQRHDGKLWQLNNYRVDVIQALGGVEGILEHTMFKATGFPSWEGLFWEKASGFEESMKFKKLTNAQRSGLNQIPNRRFTLWWSPTINRANVYVGFQVQLDLTGIMMHGKIPTLKISLIQIFRSHLWQKIHESVVWDLCQVLDQELESLQIETVQKETIHPRKSYKMNSSCADILLLAAYKWNVSRPSLLNDNRDVLDNTTTNKYWIDVQLRFGDYDSHDIERYTRAKFLDYSTDAQSMYPSPTGVLIGIDLCYNMHSAYGNWIPGMKPLIQQSMNKIMKANPALYVLRERIRKGLQLYASEPQEQYLSSSNYAELFSNQIQLFVDDTNVYRVTIHKTFEGNLTTKPINGAIFIFNPRTGQLFLKVIHTSVWAGQKRLGQLAKWKTAEEVAALIRSLPVEEQPRQIIVTRKGMLDPLEVHLLDFPNITIKGSELQLPFQAIIKLDKINDLILRATEPQMVLFNLYDDWLQSVSSYTAFSRLILILRALNVNTEKTKLILRPDKSIITKENHVWPNLDDQQWLDVEPKLRDLILADYAKKNNINVASLTNSEVRDIILGMTITAPSLQRQQIAEIEKQGRENAQVTAVTTKTTNVHGDEMVVTTTSAYENEKFSSKTEWRNRAISSISLPLRTKNIYVNSDNISETFPYTYILPQNLLRKFVTISDLRTQVAGYMYGKSPSDNPQIKEIRCIALVPQLGSIRNVQLPSKLPHDLQPSILEDLEPLGWIHTQSSELPYLSSVDVTTHAKILSSHPEWDTKAVTLTVSYIPGSISLAAYTVSKEGIEWGSKNMDINSDEAIGYEPSMAEKCQLLLSDRIQGFFLVPEEGVWNYNFNGASFSPKMTYSLKLDVPLPFFALEHRPTHVISYTELETNDRLEEDMPDAFA
Q331T7	TUBZ_CBCP	Clostridium botulinum C phage (Clostridium botulinum C bacteriophage)	358	MKNKIVFAPIGQGGGNIVDTLLGICGDYNALFINTSKKDLDSLKHAKHTYHIPYAEGCGKERKKAVGYAQTYYKQIIAQIMEKFSSCDIVIFVATMAGGTGSGITPPILGLAKQMYPNKHFGFVGVLPKATEDIDEHMNAIACWNDIMRSTNEGKDISIYLLDNNKREKESDINKEFATLFNDFMNMSESHAEGVVDEDEISKLLTMKKSNVILEFDDKEDIQVALAKSLKESIFAEYTTNTCEFMGISTTRVVDVEAIKSIVGYPRRTFKGYNSKKNIVVATGIEPQKTTVQMMNEIIEDKMKQRREVTSKSENMIIEPIALDDEDNKSVISSNEKEISIDNVEKEIDINDFFSKYM
O28682	NREB_ARCFU	Archaeoglobus fulgidus (strain ATCC 49558 / DSM 4304 / JCM 9628 / NBRC 100126 / VC-16)	391	MDCIECRGRMLCSRKVCPLMPSLRPQVSVERDILGSSPPSVFVGRYGYPKVRICPAVPPFTGDTKIYDTPEMWREVPVERVLEFRYSMILGQFRADVRRSKEVEVVQEMSLYDKPIDVEVSFAKPPSVRAFFDDVLPPFGASAPAKEVIIHSAPRPPKAVEKVYYDTDLRAVEAMSYLYERGVAVSHIQKLLSAGTLGVKRKLVPTRWAITAVDDTLSKQIIEEIKQYETIDRYRVFVLKESKNLFVAILCPSPWSYEWGEAWYPDTTWNRTRKVGVLTDSEGFFGRTTYARLGGCYYSSRLATAEYLRRIRRQATAIVWREIYPGFNVPIGVWFVREMLRKMYAGKYCEFDTLEDALRFVDKHSNLDVGRWIEKSTLVKRGRQRTLWEFM
P36011	STUA_EMENI	Emericella nidulans (strain FGSC A4 / ATCC 38163 / CBS 112.46 / NRRL 194 / M139) (Aspergillus nidulans)	622	MASMNQPQPYMDVHSHLSSGQTYASHPATAGALTHYQYPQQPPVLQPTSTYGPASSYSQYPYPNSVASSQSVPPPTTSISSQVPAQLLPLPVTNHPVPTHGYGNNSGTPMQGYVYDPTGQMAPPGAKPRVTATLWEDEGSLCYQVEAKGVCVARREDNGMINGTKLLNVAGMTRGRRDGILKSEKVRNVVKIGPMHLKGVWIPFDRALEFANKEKITDLLYPLFVQHISNLLYHPANQNQRNMTVPDSRRLEGPQPVVRTPQAQQPPSLHHHSLQTPVPSHMSQPGGRPSLDRAHTFPTPPASASSLIGITSQNNSYDWNPGMNSSVPNTQPLSIDTSLSNARSMPTTPATTPPGNNLQGMQSYQPQSGYDSKPYYSAAPSTHPQYAPQQPLPQQSMAQYGHSMPTSSYRDMAPPSSQRGSVTEIESDVKTERYGQGTVAKTEPEQEQEYAQPDSGYNTGRGSYYTTNPSVGGLAHDHSQLTPDMTGSPQQNGSGRMTPRTSNTAPQWAPGYTTPPRPAAASSLYNIVSDTRGTSGANGSTSDNYSVASNSGYSTGMNGSMGSNKRMRDDDDDRIVPPDSRGEFDTKRRKTLTETPVGGPVGGVPLGLQPMKAGGSLISARR
Q52KI8	SRRM1_MOUSE	Mus musculus (Mouse)	946	MDAGFFRGTSAEQDNRFSNKQKKLLKQLKFAECLEKKVDMSKVNLEVIKPWITKRVTEILGFEDDVVIEFIFNQLEVKNPDSKMMQINLTGFLNGKNAREFMGELWPLLLSAQENIAGIPSAFLELKKEEIKQRQIEQEKLASLKKQDEDKDKRDKEEKESSREKRERSRSPRRRKSRSPSPRRRSSPVRRERKRSHSRSPRHRTKSRSPSPAPEKKEKSPELPEPSVRMKDSSVQEATSTSDILKAPKPEPVPEPKEPSPEKNSKKEKEKTRPRSRSRSKSRSRTRSRSPSHTRPRRRHRSRSRSYSPRRRPSPRRRPSPRRRTPPRRMPPPPRHRRSRSPGRRRRRSSASLSGSSSSSSSSRSRSPPKKPPKRTSSPPRKTRRLSPSASPPRRRHRPSSPATPPPKTRHSPTPQQSNRTRKSRVSVSPGRTSGKVTKHKGTEKRESPSPAPKPRKVELSESEEDKGSKMAAADSVQQRRQYRRQNQQSSSDSGSSSTSEDERPKRSHVKNGEVGRRRRHSPSRSASPSPRKRQKETSPRMQMGKRWQSPVTKSSRRRRSPSPPPARRRRSPSPAPPPPPPPPPPRRRRSPTPPPRRRTPSPPPRRRSPSPRRYSPPIQRRYSPSPPPKRRTASPPPPPKRRASPSPPPKRRVSHSPPPKQRSPTVTKRRSPSLSSKHRKGSSPGRSTREARSPQPNKRHSPSPRPRAPQTSSPPPVRRGASASPQGRQSPSPSTRPIRRVSRTPEPKKIKKTAMATQRNIRRVSKSPKADSLSRAASPSPQSVRRVSSSRSVSGSPEPAAKKPPAPPSPVQSQSPSTNWSPAVPAKKAKSPTPSLSPARNSDQEGGGKKKKKKKDKKHKKDKKHKKHKKHKKEKAVTIATPATAAPAAVSAATTTSAQEEPAAAPEPRKETESEAEDDNLDDLERHLREKALRSMRKAQVSPQS
A0A1L8HBI7	ZA1LS_XENLA	Xenopus laevis (African clawed frog)	281	MAGLVYPQYPVFPGYRQPYRQLPPFYKPKQPYWKPPYKGVPGPMKPTNPLDCLDGYKWAQLKALLSQLGPEFGLGRRFTKEVGVQVNPRVDACIQCSLGPRTLKNCKGGPFLFHAVPGQHAGLGIIAPVRFPRTTAVYSRLSDRRLFTLPTPTYGGKKEGGTQMDPVEEDLLLKRPTFQFLEQKYGFFQCKDCQIRWESAYVWCVSGTNKVYFKQFCHKCQKGHNPYYVESIECKRCKKAWCSCPERRHIDLKRPHCQDLCGRCKGQRLSCDKTFSFKYII
O22268	DIM1A_ARATH	Arabidopsis thaliana (Mouse-ear cress)	353	MAGGKIRKEKPKASNRAPSNHYQGGISFHKSKGQHILKNPLLVDSIVQKAGIKSTDVILEIGPGTGNLTKKLLEAGKEVIAVELDSRMVLELQRRFQGTPFSNRLKVIQGDVLKTELPRFDICVANIPYQISSPLTFKLLFHPTSFRCAVIMYQREFAMRLVAQPGDNLYCRLSVNTQLYARVSHLLKVGKNNFRPPPKVDSSVVRIEPRRPGPQVNKKEWDGFLRVCFIRKNKTLGSIFKQKSVLSMLEKNFKTLQAVLASLQNNGEPALNTTSMDLGDQSMGMEDDDNEMDDDDMEMDEGEGDGGETSEFKEKVMNVLKEGGFEEKRSSKLSQQEFLYLLSLFNKSGIHFT
Q9CQ48	NUDC2_MOUSE	Mus musculus (Mouse)	157	MSAPFEERSGVVPCGTPWGQWYQTLEEVFIEVQVPPGTRAQDIQCGLQSRHVALAVGGREILKGKLFDSTIADEGTWTLEDRKMVRIVLTKTKRDAANCWTSLLESEYAADPWVQDQMQRKLTLERFQKENPGFDFSGAEISGNYTKGGPDFSNLEK
Q8CIP4	MARK4_MOUSE	Mus musculus (Mouse)	752	MSSRTALAPGNDRNSDTHGTLGSGRSSDKGPSWSSRSLGARCRNSIASCPEEQPHVGNYRLLRTIGKGNFAKVKLARHILTGREVAIKIIDKTQLNPSSLQKLFREVRIMKGLNHPNIVKLFEVIETEKTLYLVMEYASAGEVFDYLVSHGRMKEKEARAKFRQIVSAVHYCHQKNIVHRDLKAENLLLDAEANIKIADFGFSNEFTLGSKLDTFCGSPPYAAPELFQGKKYDGPEVDIWSLGVILYTLVSGSLPFDGHNLKELRERVLRGKYRVPFYMSTDCESILRRFLVLNPAKRCTLEQIMKDKWINIGYEGEELKPYTEPEEDFGDTKRIEVMVGMGYTREEIKEALTNQKYNEVTATYLLLGRKTEEGGDRGAPGLALARVRAPSDTTNGTSSSKGSSHNKGQRASSSTYHRQRRHSDFCGPSPAPLHPKRSPTSTGDTELKEERMPGRKASCSAVGSGSRGLPPSSPMVSSAHNPNKAEIPERRKDSTSTPNNLPPSMMTRRNTYVCTERPGSERPSLLPNGKENSSGTSRVPPASPSSHSLAPPSGERSRLARGSTIRSTFHGGQVRDRRAGSGSGGGVQNGPPASPTLAHEAAPLPSGRPRPTTNLFTKLTSKLTRRVTDEPERIGGPEVTSCHLPWDKTETAPRLLRFPWSVKLTSSRPPEALMAALRQATAAARCRCRQPQPFLLACLHGGAGGPEPLSHFEVEVCQLPRPGLRGVLFRRVAGTALAFRTLVTRISNDLEL
A0QWH6	RUVB_MYCS2	Mycolicibacterium smegmatis (strain ATCC 700084 / mc(2)155) (Mycobacterium smegmatis)	351	MGRFEDDAEVEDREVSPALTVGEGDIDASLRPRSLGEFIGQPRVREQLQLVLEGAKKRGGTPDHILLSGPPGLGKTSLAMIIAAELGSSLRVTSGPALERAGDLAAMLSNLVEHDVLFIDEIHRIARPAEEMLYLAMEDFRVDVVVGKGPGATSIPLEVAPFTLVGATTRSGALTGPLRDRFGFTAHMDFYEPVELERVLARSAGILGIELGAEAGAEIARRSRGTPRIANRLLRRVRDFAEVRADGIITRDIAKSALEVYDVDELGLDRLDRAVLSALTRSFNGGPVGVSTLAVAVGEEATTVEEVCEPFLVRAGMIARTPRGRVATPLAWTHLGLQPPVTGIGQAGLFD
Q5VT06	CE350_HUMAN	Homo sapiens (Human)	3117	MRSSKSKEVPLPNPRNSQSKDTVQADITTSWDALSQTKAALRHIENKLEVAPTSTAVCDSVMDTKKSSTSATRKISRKDGRYLDDSWVNAPISKSTKSRKEKSRSPLRATTLESNVKKNNRVEFREPLVSYREIHGAPSNFSSSHLESKHVYCVDVNEEKTESGNWMIGSREERNIRSCDFESSQSSVINDTVVRFLNDRPAIDALQNSECLIRMGASMRTEEEMPNRTKGSENNLKLSVNNMAHDTDPKALRLTDSSPSSTSTSNSQRLDILKRRQHDVKLEKLKERIRKQWEHSEETNGRGQKLGHIDHPVMVVNVDNSVTAKVRKVATAPPAPAYKGFNPSETKIRTPDGKVWQEAEFQNMSRELYRDLALHFADDISIKEKPAEKSKEKKVVKPVRKVQKVAQLSSTECRTGSSHLISTSSWRDGQKLVKKILGPAPRMEPKEQRTASSDRGGRERTAKSGGHIGRAESDPRLDVLHRHLQRNSERSRSKSRSENNIKKLASSLPDNKQEENTALNKDFLPIEIRGILDDLQLDSTAHTAKQDTVELQNQKSSAPVHAPRSHSPVKRKPDKITANEDPPVISKRRHYDTDEVRQYIVRQQEERKRKQNEEKKAQKEATEQKNKRLQELYRKQKEAFTKVKNVPPSEPSATRRLQETYSKLLLEKTLLEEPSHQHVTQETQAKPGYQPSGESDKENKVQERPPSASSSSDMSLSEPPQPLARKDLMESTWMQPERLSPQVHHSQPQPFAGTAGSLLSHLLSLEHVGILHKDFESILPTRKNHNMASRPLTFTPQPYVTSPAAYTDALLKPSASQYKSKLDRIEALKATAASLSSRIESEAKKLAGASINYGSAWNTEYDVQQAPQEDGPWTKAVTPPVKDDNEDVFSARIQKMLGSCVSHATFDDDLPGVGNLSEFKKLPEMIRPQSAISSFRVRSPGPKPEGLLAQLCKRQTDSSSSDMQACSQDKAKISLGSSIDSVSEGPLLSEGSLSEEEGDQDGQPLLKVAEILKEKEFCPGERNSYEPIKEFQKEAEKFLPLFGHIGGTQSKGPWEELAKGSPHSVINIFTKSYQLYGKGFEDKLDRGTSTSRPLNATATPLSGVSYEDDFVSSPGTGTSTEKKSTLEPHSTLSPQEDHSNRKSAYDPSSVDVTSQHSSGAQSAASSRSSTSSKGKKGKKEKTEWLDSFTGNVQNSLLDEEKAERGSHQGKKSGTSSKLSVKDFEQTLDTDSTLEDLSGHSVSVSSDKGRSQKTPTSPLSPSSQKSLQFDVAGTSSERSKSSVMPPTITGFKPNAPLTDLNPAASRTTTENMAPIPGSKRFSPAGLHHRMAAELSYLNAIEESVRQLSDVERVRGISLAQQESVSLAQIIKAQQQRHERDLALLKLKAEQEALESQRQLEETRNKAAQVHAESLQQVVQSQREVTEVLQEATCKIAAQQSETARLTTDAARQICEMAELTRTHISDAVVASGAPLAILYDHQRQHLPDFVKQLRTRTETDRKSPSVSLSQSKEGTLDSKHQKYSASYDSYSESSGYKNHDRRSSSGSSRQESPSVPSCKENEKKLNGEKIESSIDEQVQTAADDSLRSDSVPSLPDEKDSTSIATEYSLKFDESMTEDEIEEQSFRSLLPSESHRRFNMEKRRGHHDDSDEEASPEKTTLSTAKELNMPFSGGQDSFSKFTMEMVRQYMKEEEMRAAHQSSLLRLREKALKEKTKAELAWLEHQKKHLRDKGEDDKMPPLRKKQRGLLLRLQQEKAEIKRLQEANKAARKERQLILKQQEEIEKIRQTTIKLQEKLKSAGESKLDSHSDDDTKDNKATSPGPTDLETRSPSPISISSSETSSIMQKLKKMRSRMDEKFLTKREQKLMQRRQHAEELLEWKRRLDAEEAEIRQMEKQALAAWDKELIKPKTPKKELEDQRTEQKEIASEEESPVPLYSHLNSESSIPEELGSPAVEYVPSESIGQEQPGSPDHSILTEEMICSQELESSTSPSKHSLPKSCTSVSKQESSKGSHRTGGQCHLPIKSHQHCYSWSDESLSMTQSETTSDQSDIEGRIRALKDELRKRKSVVNQLKKEQKKRQKERLKAQEASLIKQLESYDEFIKKTEAELSQDLETSPTAKPQIKTLSSASEKPKIKPLTPLHRSETAKNWKSLTESERSRGSLESIAEHVDASLSGSERSVSERSLSAYAKRVNEWDSRTEDFQTPSPVLRSSRKIREESGDSLENVPALHLLKELNATSRILDMSDGKVGESSKKSEIKEIEYTKLKKSKIEDAFSKEGKSDVLLKLVLEQGDSSEILSKKDLPLDSENVQKDLVGLAIENLHKSEEMLKERQSDQDMNHSPNIQSGKDIHEQKNTKEKDLSWSEHLFAPKEIPYSEDFEVSSFKKEISAELYKDDFEVSSLLSLRKDSQSCRDKPQPMRSSTSGATSFGSNEEISECLSEKSLSIHSNVHSDRLLELKSPTELMKSKERSDVEHEQQVTESPSLASVPTADELFDFHIGDRVLIGNVQPGILRFKGETSFAKGFWAGVELDKPEGNNNGTYDGIAYFECKEKHGIFAPPQKISHIPENFDDYVDINEDEDCYSDERYQCYNQEQNDTEGPKDREKDVSEYFYEKSLPSVNDIEASVNRSRSLKIETDNVQDISGVLEAHVHQQSSVDSQISSKENKDLISDATEKVSIAAEDDTLDNTFSEELEKQQQFTEEEDNLYAEASEKLCTPLLDLLTREKNQLEAQLKSSLNEEKKSKQQLEKISLLTDSLLKVFVKDTVNQLQQIKKTRDEKIQLSNQELLGDDQKKVTPQDLSQNVEEQSPSISGCFLSSELEDEKEEISSPDMCPRPESPVFGASGQEELAKRLAELELSREFLSALGDDQDWFDEDFGLSSSHKIQKNKAEETIVPLMAEPKRVTQQPCETLLAVPHTAEEVEILVHNAAEELWKWKELGHDLHSISIPTKLLGCASKGLDIESTSKRVYKQAVFDLTKEIFEEIFAEDPNLNQPVWMKPCRINSSYFRRVKNPNNLDEIKSFIASEVLKLFSLKKEPNHKTDWQKMMKFGRKKRDRVDHILVQELHEEEAQWVNYDEDELCVKMQLADGIFETLIKDTIDVLNQISEKQGRMLLV
P61460	DEPD5_MOUSE	Mus musculus (Mouse)	1591	MRTTKVYKLVIHKKGFGGSDDELVVNPKVFPHIKLGDIVEIAHPNDEYSPLLLQVKSLKEDLQKETISVDQTVTQVFRLRPYQDVYVNVVDPKDVTLDLVELTFKDQYIGRGDMWRLKKSLVSTCAYITQKVEFAGIRAQAGELWVKNEKVMCGYISEETRVVFRSTSAMVYIFIQMSCEMWDFDIYGDLYFEKAVNGFLADLFTKWKEKNCSHEVTVVLFSRTFYDAKSIDEFPEINRASIQEDHKGRFYEDFYKVVVQNERREEWTSLLVTIKKLFIQYPVLVRLEQAGGFPQGDNSTSAQGNYLEAINLSFNVFDKHYINRNFDRTGQMSVVITPGVGVFEVDRLLMILTKQRMIDNGIGVDLVCMGEQPLHAVPLFKLHNRSVPRDSRLGDDYNIPHWINHSFYTSKSQLFCNSFTPRIKLAGKKSASEKTKNGRDTSLGTPKESENTLPIQVDYDAYDAQVFRLPGPSRAQRLATCRSVREQENHSRKSASSCDVSSSPSLPSRALPTEEVRSQASDDSSLGKSTNILMIPNPHLHQYEVSSSLGYTSTRDVLENMIEPPQRDSSAPGRFHVGSAESMLHVRPGGYTPQRALINPFAPSRMPMKLTSNRRRWMHTFPVGPSGEAIQIHHQTRQNMAELQGSRQRDPTHSSAELLELAYHEAAGRHSTSRQPGDSMSLNFSGTEELSVSLLSNSSTGVNPRTQNKDSLEDSVSTSPDPMPGFCCTVGVDWKSLTTPACLPLTTDYFPDRQGLQNDYTEGCYDLLPEADMDRRDEEGVQMTAQQVFEEFICQRLMQGYQIIVQPKTQKPNTTVPPPLSSSPLYSRGLVSRNRPEEEGQYWLSMGRTFHKVTLKDKMITVTRYLPKYPYESAQIHYTYSLCPSHSDSEFVSCWVDFCHERLEEYKWNYLDQYICSAGSEDFSLIESLKFWRTRFLLLPACVTATKRITEGEVHCDIYGDKPRADEDEWQLLDGFIRFVEGLNRIRRRHRSDRMIRKGTAMKGLQMTGPISAHSLEAAGPPVGKKGTSALSALLEMEASQKSLGEQQTTVHGKSSTQPAENSSVAMTPTYVDSPRKDGAFFMEFVRSPRTASSAFYPQASVDQTAPLVLDSTSLGVSTGQPMDRGNNQTFGNSQNIEQAFPSANSGDYSSQQHVASSLTSSSTLVEILEAMKHPSTGVQLLSEQKGLSPCCFISAEVVHWLMNNVEGVQTQAMGIDIMQKMLEEQLITHASGEAWRTFIYGFYFYKIVMDKEPERVAMQQPSAPWYTAGADDFASFQRKWFEVAFVAEELVHSEIPAFLLPWLPSRPASYASRHSSFSRSFGGRSQAAALLAATVPEQRTVTLDVDVNNRTDRLEWCSCYYHGNFSLNAAFEIKLHWMAVTATVLFEMVQGWHRKATSCGFLLVPVLEGPFALPSYLYGDPLRAQLFIPLNLSCLLKEGSEHLFDSFEPETYWDRMHLFQEAIAHRFGFVQDKYSVSAFNFPAENKPQYIHVTGTVFLQLPYSKRKFSGQQRRRRNSTSSTNQNMFCEERVGYNWAYNTMLTKTWRSSATGDEKFADRLLKDFTDFCINRDNRLVTFWTNCLEKMHASAP
Q9C8E7	GLR33_ARATH	Arabidopsis thaliana (Mouse-ear cress)	933	MKQLWTFFFLSFLCSGLFRRTHSEKPKVVKIGSIFSFDSVIGKVAKIAIDEAVKDVNSNPDILSGTKFSVSMQNSNCSGFMGMVEALRFMEKDIVGIIGPQCSVVAHMISHMANELRVPLLSFAVTDPVMSPLQFPYFIRTTQSDLYQMDAIASIVDFYGWKEVIAVFVDDDFGRNGVAALNDKLASRRLRITYKAGLHPDTAVNKNEIMNMLIKIMLLQPRIVVIHVYSELGFAVFKEAKYLGMMGNGYVWIATDWLSTNLDSSSPLPAERLETIQGVLVLRPHTPDSDFKREFFKRWRKMSGASLALNTYGLYAYDSVMLLARGLDKFFKDGGNISFSNHSMLNTLGKSGNLNLEAMTVFDGGEALLKDILGTRMVGLTGQLQFTPDRSRTRPAYDIINVAGTGVRQIGYWSNHSGLSTVLPELLYTKEKPNMSTSPKLKHVIWPGETFTKPRGWVFSNNGKELKIGVPLRVSYKEFVSQIRGTENMFKGFCIDVFTAAVNLLPYAVPVKFIPYGNGKENPSYTHMVEMITTGNFDGVVGDVAIVTNRTKIVDFTQPYAASGLVVVAPFKKLNSGAWAFLRPFNRLMWAVTGCCFLFVGIVVWILEHRTNDEFRGPPKRQCVTILWFSFSTMFFAHRENTVSTLGRLVLIIWLFVVLIINSSYTASLTSILTVQQLSSPIKGIESLRERDDPIGYQVGSFAESYLRNELNISESRLVPLGTPEAYAKALKDGPSKGGVAAIVDERPYVELFLSSNCAYRIVGQEFTKSGWGFAFPRDSPLAIDLSTAILELAENGDLQRIHDKWLMKNACTLENAELESDRLHLKSFWGLFLICGVACLLALFLYFVQIIRQLYKKPTDDAIARDQQQNHDSSSMRSTRLQRFLSLMDEKEESKHESKKRKIDGSMNDTSGSTRSRGFDRERSFNSVNPLD
Q92879	CELF1_HUMAN	Homo sapiens (Human)	486	MNGTLDHPDQPDLDAIKMFVGQVPRTWSEKDLRELFEQYGAVYEINVLRDRSQNPPQSKGCCFVTFYTRKAALEAQNALHNMKVLPGMHHPIQMKPADSEKNNAVEDRKLFIGMISKKCTENDIRVMFSSFGQIEECRILRGPDGLSRGCAFVTFTTRAMAQTAIKAMHQAQTMEGCSSPMVVKFADTQKDKEQKRMAQQLQQQMQQISAASVWGNLAGLNTLGPQYLALYLQLLQQTASSGNLNTLSSLHPMGGLNAMQLQNLAALAAAASAAQNTPSGTNALTTSSSPLSVLTSSGSSPSSSSSNSVNPIASLGALQTLAGATAGLNVGSLAGMAALNGGLGSSGLSNGTGSTMEALTQAYSGIQQYAAAALPTLYNQNLLTQQSIGAAGSQKEGPEGANLFIYHLPQEFGDQDLLQMFMPFGNVVSAKVFIDKQTNLSKCFGFVSYDNPVSAQAAIQSMNGFQIGMKRLKVQLKRSKNDSKPY
P19145	GAP1_YEAST	Saccharomyces cerevisiae (strain ATCC 204508 / S288c) (Baker's yeast)	602	MSNTSSYEKNNPDNLKHNGITIDSEFLTQEPITIPSNGSAVSIDETGSGSKWQDFKDSFKRVKPIEVDPNLSEAEKVAIITAQTPLKHHLKNRHLQMIAIGGAIGTGLLVGSGTALRTGGPASLLIGWGSTGTMIYAMVMALGELAVIFPISGGFTTYATRFIDESFGYANNFNYMLQWLVVLPLEIVSASITVNFWGTDPKYRDGFVALFWLAIVIINMFGVKGYGEAEFVFSFIKVITVVGFIILGIILNCGGGPTGGYIGGKYWHDPGAFAGDTPGAKFKGVCSVFVTAAFSFAGSELVGLAASESVEPRKSVPKAAKQVFWRITLFYILSLLMIGLLVPYNDKSLIGASSVDAAASPFVIAIKTHGIKGLPSVVNVVILIAVLSVGNSAIYACSRTMVALAEQRFLPEIFSYVDRKGRPLVGIAVTSAFGLIAFVAASKKEGEVFNWLLALSGLSSLFTWGGICICHIRFRKALAAQGRGLDELSFKSPTGVWGSYWGLFMVIIMFIAQFYVAVFPVGDSPSAEGFFEAYLSFPLVMVMYIGHKIYKRNWKLFIPAEKMDIDTGRREVDLDLLKQEIAEEKAIMATKPRWYRIWNFWC
P14646	PDE4B_RAT	Rattus norvegicus (Rat)	736	MKKSRSVMAVTADDNLKDYFECSLSKSYSSSSYTLGIDLWRGRRCCSGNLQLPPLSQRQSERARTPEGDGISRPTTLPLTTLPSIAITTVSQECFDVENGPSPGRSPLDPQASSSSGLVLHAAFPGHSQRRESFLYRSDSDYDLSPKAMSRNSSLPSEQHGDDLIVTPFAQVLASLRIVRNNFTLLTNLHGAPNKRSPAASQAPVTRVSLQEESYQKLAMETLEELDWCLDQLETIQTYRSVSEMASNKFKRMLNRELTHLSEMSRSGNQVSEYISNTFLDKQNDVEIPSPTQKDREKKKKQQLMTQISGVKKLMHSSSLNNTSISRFGVNTENEDHLAKELEDLNKWGLNIFNVAGYSHNRPLTCIMYAIFQERDLLKTFKISSDTFVTYMMTLEDHYHSDVAYHNSLHAADVAQSTHVLLSTPALDAVFTDLEILAAIFAAAIHDVDHPGVSNQFLINTNSELALMYNDESVLENHHLAVGFKLLQEEHCDIFQNLTKKQRQTLRKMVIDMVLATDMSKHMSLLADLKTMVETKKVTSSGVLLLDNYTDRIQVLRNMVHCADLSNPTKSLELYRQWTDRIMEEFFQQGDKERERGMEISPMCDKHTASVEKSQVGFIDYIVHPLWETWADLVQPDAQDILDTLEDNRNWYQSMIPQSPSPPLDERSRDCQGLMEKFQFELTLEEEDSEGPEKEGEGPNYFSSTKTLCVIDPENRDSLEETDIDIATEDKSLIDT
Q8IXT5	RB12B_HUMAN	Homo sapiens (Human)	1001	MAVVIRLLGLPFIAGPVDIRHFFTGLTIPDGGVHIIGGEIGEAFIIFATDEDARRAISRSGGFIKDSSVELFLSSKAEMQKTIEMKRTDRVGRGRPGSGTSGVDSLSNFIESVKEEASNSGYGSSINQDAGFHTNGTGHGNLRPRKTRPLKAENPYLFLRGLPYLVNEDDVRVFFSGLCVDGVIFLKHHDGRNNGDAIVKFASCVDASGGLKCHRSFMGSRFIEVMQGSEQQWIEFGGNAVKEGDVLRRSEEHSPPRGINDRHFRKRSHSKSPRRTRSRSPLGFYVHLKNLSLSIDERDLRNFFRGTDLTDEQIRFLYKDENRTRYAFVMFKTLKDYNTALSLHKTVLQYRPVHIDPISRKQMLKFIARYEKKRSGSLERDRPGHVSQKYSQEGNSGQKLCIYIRNFPFDVTKVEVQKFFADFLLAEDDIYLLYDDKGVGLGEALVKFKSEEQAMKAERLNRRRFLGTEVLLRLISEAQIQEFGVNFSVMSSEKMQARSQSRERGDHSHLFDSKDPPIYSVGAFENFRHQLEDLRQLDNFKHPQRDFRQPDRHPPEDFRHSSEDFRFPPEDFRHSPEDFRRPREEDFRRPSEEDFRRPWEEDFRRPPEDDFRHPREEDWRRPLEEDWRRPLEEDFRRSPTEDFRQLPEEDFRQPPEEDLRWLPEEDFRRPPEEDWRRPPEEDFRRPLQGEWRRPPEDDFRRPPEEDFRHSPEEDFRQSPQEHFRRPPQEHFRRPPPEHFRRPPPEHFRRPPPEHFRRPPPEHFRRPPPEHFRRPPPEHFRRPPQEHFRRPPQEHFRRSREEDFRHPPDEDFRGPPDEDFRHPPDEDFRSPQEEDFRCPSDEDFRQLPEEDLREAPEEDPRLPDNFRPPGEDFRSPPDDFRSHRPFVNFGRPEGGKFDFGKHNMGSFPEGRFMPDPKINCGSGRVTPIKIMNLPFKANVNEILDFFHGYRIIPDSVSIQYNEQGLPTGEAIVAMINYNEAMAAIKDLNDRPVGPRKVKLTLL
O75509	TNR21_HUMAN	Homo sapiens (Human)	655	MGTSPSSSTALASCSRIARRATATMIAGSLLLLGFLSTTTAQPEQKASNLIGTYRHVDRATGQVLTCDKCPAGTYVSEHCTNTSLRVCSSCPVGTFTRHENGIEKCHDCSQPCPWPMIEKLPCAALTDRECTCPPGMFQSNATCAPHTVCPVGWGVRKKGTETEDVRCKQCARGTFSDVPSSVMKCKAYTDCLSQNLVVIKPGTKETDNVCGTLPSFSSSTSPSPGTAIFPRPEHMETHEVPSSTYVPKGMNSTESNSSASVRPKVLSSIQEGTVPDNTSSARGKEDVNKTLPNLQVVNHQQGPHHRHILKLLPSMEATGGEKSSTPIKGPKRGHPRQNLHKHFDINEHLPWMIVLFLLLVLVVIVVCSIRKSSRTLKKGPRQDPSAIVEKAGLKKSMTPTQNREKWIYYCNGHGIDILKLVAAQVGSQWKDIYQFLCNASEREVAAFSNGYTADHERAYAALQHWTIRGPEASLAQLISALRQHRRNDVVEKIRGLMEDTTQLETDKLALPMSPSPLSPSPIPSPNAKLENSALLTVEPSPQDKNKGFFVDESEPLLRCDSTSSGSSALSRNGSFITKEKKDTVLRQVRLDPCDLQPIFDDMLHFLNPEELRVIEEIPQAEDKLDRLFEIIGVKSQEASQTLLDSVYSHLPDLL
B3EWE1	HBA_BLABR	Blarina brevicauda (Northern short-tailed shrew)	141	VLSASDKTNLKAAWDKLGGQAANYGAEALERTFASFPTTKTYFPHFDLSPGSAQVKGHGKKVADALTKAVGSLDDLPGALSALSDLHAHKLRVDPVNFKLLSHCLLVTLASHHPADFTPAVHASLDKFLATVSTVLTSKYR
O51917	SODF_STRCO	Streptomyces coelicolor (strain ATCC BAA-471 / A3(2) / M145)	213	MSVYTLPELPYDYSALAPVISPEIIELHHDKHHAAYVKGANDTLEQLAEARDKETWGSINGLEKNLAFHLSGHILHSIYWHNMTGDGGGEPLDKDGVGELADAIAESFGSFAGFRAQLTKAAATTQGSGWGVLAYEPLSGRLIVEQIYDHQGNVGQGSTPILVFDAWEHAFYLQYKNQKVDFIDAMWAVVNWQDVARRYEAAKSRTNTLLLAP
Q9Y512	SAM50_HUMAN	Homo sapiens (Human)	469	MGTVHARSLEPLPSSGPDFGGLGEEAEFVEVEPEAKQEILENKDVVVQHVHFDGLGRTKDDIIICEIGDVFKAKNLIEVMRKSHEAREKLLRLGIFRQVDVLIDTCQGDDALPNGLDVTFEVTELRRLTGSYNTMVGNNEGSMVLGLKLPNLLGRAEKVTFQFSYGTKETSYGLSFFKPRPGNFERNFSVNLYKVTGQFPWSSLRETDRGMSAEYSFPIWKTSHTVKWEGVWRELGCLSRTASFAVRKESGHSLKSSLSHAMVIDSRNSSILPRRGALLKVNQELAGYTGGDVSFIKEDFELQLNKQLIFDSVFSASFWGGMLVPIGDKPSSIADRFYLGGPTSIRGFSMHSIGPQSEGDYLGGEAYWAGGLHLYTPLPFRPGQGGFGELFRTHFFLNAGNLCNLNYGEGPKAHIRKLAECIRWSYGAGIVLRLGNIARLELNYCVPMGVQTGDRICDGVQFGAGIRFL
Q7WZY5	NREB_STACT	Staphylococcus carnosus (strain TM300)	347	MKSISNRDKLQDLLTQYYLNTNEKMVFLNSTGEVIALNEAAEEVFADDNDYSQMTNAVCRRCEGYSNEYDIMSCENCFLEALEIGKGSFQVFIRTKDNKIQPYTASYELIDHEKGIYAFTLHNVSPQIQRQERMYQRKMMQKTISAQENERKRISRELHDGIVQELINVDVELRLLKYQQDKDELIDNSKRIEGIMSRLIDDVRNLSVELRPSSLDDLGLDAAFRSYFKQFEKNYGIHVNYHTNFSAQRFDNEIETVVYRVVQEALFNALKYAQVDIVEVSLQLNENNIIAEVSDRGVGFKRGDDPKGTGLGLFGMNERAELVNGTVNIDSQINRGTIVTLEVPITD
Q13609	DNSL3_HUMAN	Homo sapiens (Human)	305	MSRELAPLLLLLLSIHSALAMRICSFNVRSFGESKQEDKNAMDVIVKVIKRCDIILVMEIKDSNNRICPILMEKLNRNSRRGITYNYVISSRLGRNTYKEQYAFLYKEKLVSVKRSYHYHDYQDGDADVFSREPFVVWFQSPHTAVKDFVIIPLHTTPETSVKEIDELVEVYTDVKHRWKAENFIFMGDFNAGCSYVPKKAWKNIRLRTDPRFVWLIGDQEDTTVKKSTNCAYDRIVLRGQEIVSSVVPKSNSVFDFQKAYKLTEEEALDVSDHFPVEFKLQSSRAFTNSKKSVTLRKKTKSKRS
P0DO42	CP181_THYVU	Thymus vulgaris (Thyme)	496	MDISILWVAIILVISSYFIFMNKWRAAKLPENLPPSPPKLPVIGHLHLLRGGLPQHVLRGITQKYGAVAHLQLGEVYSVVLSSAESTKQAMKVLDPTFADRFDSFGSQIMWYNNNDMIFSRYNDHWRQIRKICVSELLSPKNVRSFGFIRQDEMARLIRVFESSVGVPINASEEISKMSCAIVCRAAFGSVLKDQGLLADLVKEALGMASGFELADLYPSSWLLNLLCFNKYRLRRMRQRLDDILDGFLEEHRVKKSGEFGGEDIIDVLYRMQKDSENKVPITNSGIKGFIFDVFSAGTETSATTIQWALSELMKNPEKLAKAQAEVREKLKGKTNPDVAEVQEIKYPHSVVKETLRLHPPFPLIPRLCKEECEVTGYTIPAKTRILVNVWSIGRDPAYWKDPDTFNPDRFDEVSRDVIGNDFELIPFGAGRRICPGLHFGLANVEVPLAQLLYHFEWKLPQGMTPADMDMSETPGLSGPRKNPLIMVPTIHNPTS
H8L901	RACD_ENTFU	Enterococcus faecium (strain Aus0004)	243	MENFFSILGGMGTMATESFVRLINHRTKATKDQEYLNYVLFNHATVPDRTAYILDRSEENPMPFLLDDIEKQNLLRPNFIVLTCNTAHYFFEELQAATDIPILHMPREAANELVRQHTTGRVAILGTEGSMKAGIYEREVKNLGFETVIPDTALQEKINYLIYHEIKESDYLNQELYYEILEEAVERLNCEKVILGCTELSLMHEFAEDNHYPVIDAQSILADRTIERALAERSEALDTASEK
O13339	TERT_SCHPO	Schizosaccharomyces pombe (strain 972 / ATCC 24843) (Fission yeast)	988	MTEHHTPKSRILRFLENQYVYLCTLNDYVQLVLRGSPASSYSNICERLRSDVQTSFSIFLHSTVVGFDSKPDEGVQFSSPKCSQSELIANVVKQMFDESFERRRNLLMKGFSMNHEDFRAMHVNGVQNDLVSTFPNYLISILESKNWQLLLEIIGSDAMHYLLSKGSIFEALPNDNYLQISGIPLFKNNVFEETVSKKRKRTIETSITQNKSARKEVSWNSISISRFSIFYRSSYKKFKQDLYFNLHSICDRNTVHMWLQWIFPRQFGLINAFQVKQLHKVIPLVSQSTVVPKRLLKVYPLIEQTAKRLHRISLSKVYNHYCPYIDTHDDEKILSYSLKPNQVFAFLRSILVRVFPKLIWGNQRIFEIILKDLETFLKLSRYESFSLHYLMSNIKISEIEWLVLGKRSNAKMCLSDFEKRKQIFAEFIYWLYNSFIIPILQSFFYITESSDLRNRTVYFRKDIWKLLCRPFITSMKMEAFEKINENNVRMDTQKTTLPPAVIRLLPKKNTFRLITNLRKRFLIKMGSNKKMLVSTNQTLRPVASILKHLINEESSGIPFNLEVYMKLLTFKKDLLKHRMFGRKKYFVRIDIKSCYDRIKQDLMFRIVKKKLKDPEFVIRKYATIHATSDRATKNFVSEAFSYFDMVPFEKVVQLLSMKTSDTLFVDFVDYWTKSSSEIFKMLKEHLSGHIVKIGNSQYLQKVGIPQGSILSSFLCHFYMEDLIDEYLSFTKKKGSVLLRVVDDFLFITVNKKDAKKFLNLSLRGFEKHNFSTSLEKTVINFENSNGIINNTFFNESKKRMPFFGFSVNMRSLDTLLACPKIDEALFNSTSVELTKHMGKSFFYKILRSSLASFAQVFIDITHNSKFNSCCNIYRLGYSMCMRAQAYLKRMKDIFIPQRMFITDLLNVIGRKIWKKLAEILGYTSRRFLSSAEVKWLFCLGMRDGLKPSFKYHPCFEQLIYQFQSLTDLIKPLRPVLRQVLFLHRRIAD
P08021	FMRF_APLCA	Aplysia californica (California sea hare)	597	MRPWCQLALLACLSLKWLTSHVTAESFLCDDSELCENGYLRFGRSMSVEEPHFRLERRSYPPVVYHKRFLRFGRSQEPDIEDYARAIALIESEEPLYRKRRSADADGQSEKVLHRARREAESEHKSLEEVSPDTKQDVEKRDADDVLDAEKRFMRFGKRFMRFGRGSSDDDESGDDDVQDLTDIGDGLGGEGEVNKRFMRFGKRFMRFGKREDGEPDKRFMRFGKSMADNDLDKRFMRFGKRFMRFGKSLPDSEVDKRFMRFGKSVDGDVDKRFMRFGKSVDGDVDKRFMRFGKSVDGDVDKRFMRFGKSVDGDVDKRFMRFGKSVDGDVDKRFMRFGKSVDDDVDKRFMRFGKSVDGDVDKRFMRFGKSVDDAVDKRFMRFGKSVDSDLDKRFMRFGKSVGSDEVDKRFMRFGKSVGSDEVDKRFMRFGKSLGTDDVNKRFMRFGKSLGTDDVNKRFMRFGKSLGTEDVDKRFMRFGKSLGTDDVDKRFMRFGKSLGTDDVDKRFMRFGKSLGTEDVDKRFMRFGKSLGTDDVDKRFMRFGKSLGTEDVDKRFMRFGKRFMRFGRSVGDSKYRSASSESVMTTDSKQTTEQATNKS
Q55D85	CAS1_DICDI	Dictyostelium discoideum (Social amoeba)	703	MTTTNWSLKVDRGRQTWEYSQEKKEATDVDIHLLRLKEPGTHCPEGCDLNRAKTPQQAIKKAFQYFSKVQTEDGHWAGDYGGPMFLLPGLVITCYVTGYQLPESTQREIIRYLFNRQNPVDGGWGLHIEAHSDIFGTTLQYVSLRLLGVPADHPSVVKARTFLLQNGGATGIPSWGKFWLATLNAYDWNGLNPIPIEFWLLPYNLPIAPGRWWCHCRMVYLPMSYIYAKKTTGPLTDLVKDLRREIYCQEYEKINWSEQRNNISKLDMYYEHTSLLNVINGSLNAYEKVHSKWLRDKAIDYTFDHIRYEDEQTKYIDIGPVNKTVNMLCVWDREGKSPAFYKHADRLKDYLWLSFDGMKMQGYNGSQLWDTAFTIQAFMESGIANQFQDCMKLAGHYLDISQVPEDARDMKHYHRHYSKGAWPFSTVDHGWPISDCTAEGIKSALALRSLPFIEPISLDRIADGINVLLTLQNGDGGWASYENTRGPKWLEKFNPSEVFQNIMIDYSYVECSAACIQAMSAFRKHAPNHPRIKEINRSIARGVKFIKSIQRQDGSWLGSWGICFTYGTWFGIEGLVASGEPLTSPSIVKACKFLASKQRADGGWGESFKSNVTKEYVQHETSQVVNTGWALLSLMSAKYPDRECIERGIKFLIQRQYPNGDFPQESIIGVFNFNCMISYSNYKNIFPLWALSRYNQLYLKSKI
F5HB39	CVC1_HHV8P	Human herpesvirus 8 type P (isolate GK18) (HHV-8) (Kaposi's sarcoma-associated herpesvirus)	454	MDAHAINERYVGPRCHRLAHVVLPRTFLLHHAIPLEPEIIFSTYTRFSRSPGSSRRLVVCGKRVLPGEENQLASSPSGLALSLPLFSHDGNFHPFDISVLRISCPGSNLSLTVRFLYLSLVVAMGAGRNNARSPTVDGVSPPEGAVAHPLEELQRLARATPDPALTRGPLQVLTGLLRAGSDGDRATHHMALEAPGTVRGESLDPPVSQKGPARTRHRPPPVRLSFNPVNADVPATWRDATNVYSGAPYYVCVYERGGRQEDDWLPIPLSFPEEPVPPPPGLVFMDDLFINTKQCDFVDTLEAACRTQGYTLRQRVPVAIPRDAEIADAVKSHFLEACLVLRGLASEASAWIRAATSPPLGRHACWMDVLGLWESRPHTLGLELRGVNCGGTDGDWLEILKQPDVQKTVSGSLVACVIVTPALEAWLVLPGGFAIKGRYRASKEDLVFIRGRYG
O23016	KCAB_ARATH	Arabidopsis thaliana (Mouse-ear cress)	328	MQYKNLGKSGLKVSTLSFGAWVTFGNQLDVKEAKSILQCCRDHGVNFFDNAEVYANGRAEEIMGQAIRELGWRRSDIVISTKIFWGGPGPNDKGLSRKHIVEGTKASLKRLDMDYVDVLYCHRPDASTPIEETVRAMNYVIDKGWAFYWGTSEWSAQQITEAWGAADRLDLVGPIVEQPEYNMFARHKVETEFLPLYTNHGIGLTTWSPLASGVLTGKYNKGAIPSDSRFALENYKNLANRSLVDDVLRKVSGLKPIADELGVTLAQLAIAWCASNPNVSSVITGATRESQIQENMKAVDVIPLLTPIVLDKIEQVIQSKPKRPESYR
Q9P7F2	CAO1_SCHPO	Schizosaccharomyces pombe (strain 972 / ATCC 24843) (Fission yeast)	712	MAYYPHLPYHHHHHTSVPGERLSDPLDPLSADELKLAVEIIRHEYPSKHFAFNVVTLEEPPKAKYLHWKYSKEDAHKPERIALAVLLEKGVPGILEARVNLTKAEVIQIEHITGVCPILTADMLVNTEQIVRKDPAVIEQCILSGVPPDQMDHVYCDPWTIGYDERYGNTRRMQQAMMYYRSNEDDSQYSHPLDFCPIIDTEDQKVVAIDIPPVRRPLSKHKHSNFNKKDIEAELGKMREVKPISVTQPEGVNFRMKGRYIEWQNFRMHIGFNYREGIVLSDISYNDNGHIRPLFYRMSIAEMVVPYGNPEHPHQRKHAFDLGEYGAGYLTNPLALGCDCKGVIHYLDAHFVNNTGEVETVKNAICIHEEDDGVLFKHSDFRDKFRTTISARGIRLVISQIFTAANYEYMVYWIFHMDGVIECELKLTGILNTYAMNEGEDLKGWGTQVYPQVNAHNHQHLFCLRLNPMLDGYSNSVAVVDGVSGPGEPGSKENYYGNAFTTERTVPKTVKEAICDYNSDTSRTWDICNPNKLHPYSGKPVSYKLVSRETPRLMARPGSLVSNRAGFARHHIHVTPYKDGQIYPAGDYVPQTSGEPTKGLPEWIAEEPDASVDNTDIVVWHTFGITHFPAPEDFPLMPAEPIRLLLRPRNFFLRNPALDVPPSKNVTTSEVKQAHHHGNLHMMDMMKSLTDATSEFAFGEKFCEKHKGDHFF
Q8ISH7	FCAP_APLCA	Aplysia californica (California sea hare)	742	MTFAASFRALLCVLFCAALVHCKTRTKRYVPHSELWRILAVVDELQREQAAEQRQEDALALALRSDIAGGGGGGQLADNVRWFPETYDYGALADRDVDKRVFDSLGGYEVHGFKKRGSLDAIPQDTDASSDKRALDSLGGFQVHGWKRALDTLGGFQVHGWKRGSGAEKRQVDRLGGFQVHGWKKRALDSLGGFQVHGWKKRGTGGQMHASSPRVVPWGSRSLLADTQSGHRWKRDTELVENRQTTGQQTEVNKRALDSLGGFQVHGWKRSGEAGKRQVDSLGGFQVHGWKRADDQGKRALDSLGGFQVHGWKRFDNSAGEKRALDSLGGFQVHGWKRAGDKKSLDSLGSFQVHGWKRFDNDISGQKRSLDSLGSFQVHGWKRSDQDNKRALDSLGGFQVHGWKRADDDGKRSLDSLGSFQVHGWKRADEDDKKSLDSLGSFQVHGWKRGDEDDKRSLDSLGSFQVHGWKRADEDDKRSLDSLGSFQVHGWKRSDEDDKRSLDSLGSFQVHGWKRSDEDDKRSLDSLGSFQVHGWKRADEDDKRSLDSLGSFQVHGWKRNSPGLKRALDSLGGFQVHGWKRNNEYYSGAENEKRALDSLGGFQVHGWKRDQPGEKRSLDSLGSFQVHGWKRNLNNLGSFQVHGWKKNSADEMGDKPGVESYQDNSGKILSGKAQEFEGGDETGDIHGVVRTLSGVDASGKERENIKELDAKFKTNDGGVGVEHIFVDNVKSADDDVPSAGQM
P99158	HUTG_STAAN	Staphylococcus aureus (strain N315)	311	MYKQGEPNLWTGRLDSETDPKKFRHFQTVTFEDLSKLEKSSMPSGVGILGYAVDKGVALNKGRIGAKEGPDAIKQAFAGLPDLNQCETLVDYGNVYHDHEELIDTQKEFAMLAAKSIANHRQTFLLGGGHDIAYAQYLATRKVYPTQSIGVINIDAHFDTRAEQQSTSGTSFRQILEEDENTDYLVLGIAQGGNTQSLFDYAKEKKIDYVFADELLSHVSPTIKDMIERFVHEHDVIMFTICMDVIDSAFAPGVSAPAVLGLYPHTVLELAKRIIPSDKVSSVSIAEMNPTYDADNRTAKLVANLVHHFLK
P82245	RK28_SPIOL	Spinacia oleracea (Spinach)	148	MAASGMLISNPSNVCFRKPQFSCSLKPKATVSELGFLTSQLSGIQISPSPLFPIISKPISAPLKPSLQPVARRICPFTGKKSNKANRVSHSNHKTKRLQFVNLQYKRVWWEAGKRFVKLRLSTKALKTIEKNGLDAVAKKAGIDLRKE
Q9RSW6	RL35_DEIRA	Deinococcus radiodurans (strain ATCC 13939 / DSM 20539 / JCM 16871 / CCUG 27074 / LMG 4051 / NBRC 15346 / NCIMB 9279 / VKM B-1422 / R1)	66	MPKMKTHKMAKRRIKITGTGKVMAFKSGKRHQNTGKSGDEIRGKGKGFVLAKAEWARMKLMLPRGK
Q9KJ22	GSMT_HALHR	Halorhodospira halochloris (Ectothiorhodospira halochloris)	268	MNTTTEQDFGADPTKVRDTDHYTEEYVDGFVDKWDDLIDWDSRAKSEGDFFIQELKKRGATRILDAATGTGFHSVRLLEAGFDVVSADGSAEMLAKAFENGRKRGHILRTVQVDWRWLNRDIHGRYDAIICLGNSFTHLFNEKDRRKTLAEFYSALNPEGVLILDQRNYDGILDHGYDSSHSYYYCGEGVSVYPEHVDDGLARFKYEFNDGSTYFLNMFPLRKDYTRRLMHEVGFQKIDTYGDFKATYRDADPDFFIHVAEKEYREED
A0MZ66	SHOT1_HUMAN	Homo sapiens (Human)	631	MNSSDEEKQLQLITSLKEQAIGEYEDLRAENQKTKEKCDKIRQERDEAVKKLEEFQKISHMVIEEVNFMQNHLEIEKTCRESAEALATKLNKENKTLKRISMLYMAKLGPDVITEEINIDDEDSTTDTDGAAETCVSVQCQKQIKELRDQIVSVQEEKKILAIELENLKSKLVEVIEEVNKVKQEKTVLNSEVLEQRKVLEKCNRVSMLAVEEYEEMQVNLELEKDLRKKAESFAQEMFIEQNKLKRQSHLLLQSSIPDQQLLKALDENAKLTQQLEEERIQHQQKVKELEEQLENETLHKEIHNLKQQLELLEEDKKELELKYQNSEEKARNLKHSVDELQKRVNQSENSVPPPPPPPPPLPPPPPNPIRSLMSMIRKRSHPSGSGAKKEKATQPETTEEVTDLKRQAVEEMMDRIKKGVHLRPVNQTARPKTKPESSKGCESAVDELKGILGTLNKSTSSRSLKSLDPENSETELERILRRRKVTAEADSSSPTGILATSESKSMPVLGSVSSVTKTALNKKTLEAEFNSPSPPTPEPGEGPRKLEGCTSSKVTFQPPSSIGCRKKYIDGEKQAEPVVVLDPVSTHEPQTKDQVAEKDPTQHKEDEGEIQPENKEDSIENVRETDSSNC
Q10316	ARPC5_SCHPO	Schizosaccharomyces pombe (strain 972 / ATCC 24843) (Fission yeast)	152	MTFRTLDVDSITEPVLTEQDIFPIRNETAEQVQAAVSQLIPQARSAIQTGNALQGLKTLLSYVPYGNDVQEVRTQYLNAFVDVLSNIRAADIPAFVKECSTEEIDNIVNFIYRGLANPQAYNSSVLLNWHEKVVEISGIGCIVRVLNSRPDL
A1X159	FP1V2_PERVI	Perna viridis (Asian green mussel) (Mytilus viridis)	431	MARNMNILTLFAVLLGSASAVYHPPSWTAWIAPKPWTAWKVPPPAWTAWKAHPPAWTAWKATPKPWTAWKAPPPAWTAWKATPKPWTAWKAPPPTWTAWKATPKPWTAWKAPPPVWTAWKATPKPRTAWKAPPPTWTAWKAAPKPWTAWKATPKPWTAWKAPPPAWTAWKATPKPWTAWKATPKPWTAWKATPKPWTAWKATPKPWTVWKATPKPWTAWKAPPPAWTAWKATPKPWTAWKAPPPAWTAWKATPKPWTAWKAPPPAWTAWKATPKPWTAWKATPKPWTAWKATPKPWTAWKATPKPWTAWRATPPPTWTAWHGHGYGGYGKPGKPGKPGSKGPRGPAGPPGATGKTGRTGATGKRGPPGYPGKPGVPGRNGYVHIVFDGYGKWEIGKIERKNIREAVAKAWTAWNAGHGHGWTAWTAPPAYG
Q43998	LSC_GLUDI	Gluconacetobacter diazotrophicus (Acetobacter diazotrophicus)	584	MAHVRRKVATLNMALAGSLLMVLGAQSALAQGNFSRQEAARMAHRPGVMPRGGPLFPGRSLAGVPGFPLPSIHTQQAYDPQSDFTARWTRADALQIKAHSDATVAAGQNSLPAQLTMPNIPADFPVINPDVWVWDTWTLIDKHADQFSYNGWEVIFCLTADPNAGYGFDDRHVHARIGFFYRRAGIPASRRPVNGGWTYGGHLFPDGASAQVYAGQTYTNQAEWSGSSRLMQIHGNTVSVFYTDVAFNRDANANNITPPQAIITQTLGRIHADFNHVWFTGFTAHTPLLQPDGVLYQNGAQNEFFNFRDPFTFEDPKHPGVNYMVFEGNTAGQRGVANCTEADLGFRPNDPNAETLQEVLDSGAYYQKANIGLAIATDSTLSKWKFLSPLISANCVNDQTERPQVYLHNGKYYIFTISHRTTFAAGVDGPDGVYGFVGDGIRSDFQPMNYGSGLTMGNPTDLNTAAGTDFDPSPDQNPRAFQSYSHYVMPGGLVESFIDTVENRRGGTLAPTVRVRIAQNASAVDLRYGNGGLGGYGDIPANRADVNIAGFIQDLFGQPTSGLAAQASTNNAQVLAQVRQFLNQ
P35915	HMGCL_CHICK	Gallus gallus (Chicken)	298	AFPQRVKVVEVGPRDGLQNEKSVVPTPVKIRLIDMLSETGLPVIEATSFVSPRWVPQMADHAEVMQGINKLPGVSYPVLTPNLKGFQAAVAAGAKEVSIFGAASELFTKKNINCSIEESLERFSEVMNAARAASIPVRGYVSCVLGCPYEGNISAAKVAEVSKKMYSMGCYEISLGDRIGIGTPGSMKEMLAAVMKEVPVGALAVHCHDTYGQALANILVALQMGVSVVDASVAGLGGCPYAQGASGNVATEDLVYMLNGLGIHTGVDLQKLMDTGTFICNALNRRTNSKVSQAACRL
B1XQM2	PHAA_PICP2	Picosynechococcus sp. (strain ATCC 27264 / PCC 7002 / PR-6) (Agmenellum quadruplicatum)	161	MSIVTKSIVNADAEARYLSPGELDRIKAFVTSGESRLRIAETLTGSRERIIKSAGDALFQKRPDVVSPGGNAYGEEMTATCLRDMDYYLRLITYGVVAGDVTPIEEIGLVGVREMYKSLGTPVDAVAQAVREMKAVATGMMSGDDAAEAGAYFDYVIGAME
Q9M2T2	PP16A_ARATH	Arabidopsis thaliana (Mouse-ear cress)	156	MAVGILEVSLISGKGLKRSDFLGKIDPYVEIQYKGQTRKSSVAKEDGGRNPTWNDKLKWRAEFPGSGADYKLIVKVMDHDTFSSDDFIGEATVHVKELLEMGVEKGTAELRPTKYNIVDSDLSFVGELLIGVSYSLLQDRGMDGEQFGGWKHSQVD
O15444	CCL25_HUMAN	Homo sapiens (Human)	150	MNLWLLACLVAGFLGAWAPAVHTQGVFEDCCLAYHYPIGWAVLRRAWTYRIQEVSGSCNLPAAIFYLPKRHRKVCGNPKSREVQRAMKLLDARNKVFAKLHHNTQTFQAGPHAVKKLSSGNSKLSSSKFSNPISSSKRNVSLLISANSGL
C1CYP4	DDROC_DEIDV	Deinococcus deserti (strain DSM 17065 / CIP 109153 / LMG 22923 / VCD115)	129	MKLHERLRELRSERGLRLKDVAEVAQISVPYLSDLERGRTNPSLETLQTLAGAYNITVHDLLEGVEFYGASTEGALPKGLSDLIADPTLGPQITPDWVRTLSRIELRGKRPRDKQDWYEIYLHLKRILS
Q8GZC2	FADX_VERFO	Vernicia fordii (Tung) (Aleurites fordii)	386	MGAGGRMSVAPNNSKCEKKESRSVKRVPHTKPPFTLGQLKQAIPSHCFKRSLLRSFSYVVYDLSLSFIFYSIATTYFHLLPSPITYIAWPVYWAFQGCILTSVWVLGHECGHHAFSEYNWLDDTIGLILHSSLLVPYFSFKISHRRHHSNIASLERDEVFVPRLKSAIPWYSKYLNNPPGRALTLVATLFIGWPLYLAFNVSGRYYDRFACHYDPYSPIYSDRERLQIYISDAMIFVAAYVLYKIAMAKGLAWLVCIYGVPLLIVNALVVTITSLQHTHVALPHYDSSEWDWLRGGLATVDRDYGVFNKIFHNATDTHVIHHLFSSMPHYHGVEATRAIKPILGDYYLFDDTPIHVALWREAKECLFVEPDEGDNNNGVFWYSNKF
P69849	NOMO3_HUMAN	Homo sapiens (Human)	1222	MLVGQGAGPLGPAVVTAAVVLLLSGVGPAHGSEDIVVGCGGFVKSDVEINYSLIEIKLYTKHGTLKYQTDCAPNNGYFMIPLYDKGDFILKIEPPLGWSFEPTTVELHVDGVSDICTKGGDINFVFTGFSVNGKVLSKGQPLGPAGVQVSLRNTGTEAKIQSTVTQPGGKFAFFKVLPGDYEILATHPTWALKEASTTVRVTNSNANAASPLIVAGYNVSGSVRSDGEPMKGVKFLLFSSLVTKEDVLGCNVSPVPGFQPQDESLVYLCYTVSREDGSFSFYSLPSGGYTVIPFYRGERITFDVAPSRLDFTVEHDSLKIEPVFHVMGFSVTGRVLNGPEGDGVPEAVVTLNNQIKVKTKADGSFRLENITTGTYTIHAQKEHLYFETVTIKIAPNTPQLADIVATGFSVCGQISIIRFPDTVKQMNKYKVVLSSQDKDKSLVTVETDAHGSFCFKANPGTYKVQVMVPEAETRAGLTLKPQTFPLTVTDRPVMDVAFVQFLASVSGKVSCLDTCGDLLVTLQSLSRQGEKRSLQLSGKVNAMTFTFDNVLPGKYKISIMHEDWCWKNKSLEVEVLEDDVSAVEFRQTGYMLRCSLSHAITLEFYQDGNGRENVGIYNLSKGVNRFCLSKPGVYKVTPRSCHRFEQAFYTYDTSSPSILTLTAIRHHVLGTITTDKMMDVTVTIKSSIDSEPALVLGPLKSVQELRREQQLAEIEARRQEREKNGNEEGEERMTKPPVQEMVDELQGPFSYDFSYWARSGEKITVTPSSKELLFYPPSMEAVVSGESCPGKLIEIHGKAGLFLEGQIHPELEGVEIVISEKGASSPLITVFTDDKGAYSVGPLHSDLEYTVTSQKEGYVLTAVEGTIGDFKAYALAGVSFEIKAEDDQPLPGVLLSLSGGLFRSNLLTQDNGILTFSNLSPGQYYFKPMMKEFRFEPSSQMIEVQEGQNLKITITGYRTAYSCYGTVSSLNGEPEQGVAMEAVGQNDCSIYGEDTVTDEEGKFRLRGLLPGCVYHVQLKAEGNDHIERALPHHRVIEVGNNDIDDVNIIVFRQINQFDLSGNVITSSEYLPTLWVKLYKSENLDNPIQTVSLGQSLFFHFPPLLRDGENYVVLLDSTLPRSQYDYILPQVSFTAVGYHKHITLIFNPTRKLPEQDIAQGSYIALPLTLLVLLAGYNHDKLIPLLLQLTSRLQGVGALGQAASDNSGPEDAKRQAKKQKTRRT
